Matchweek,Match_Date,Home_Team,Away_Team,Win,log_ratio_Value,Cup_Home,Cup_Away,Winvalue,Home_Performance,Away_Performance,Home_Diff_Goals,Away_Diff_Goals,Aprob_TMValue_Costant,Dprob_TMValue_Costant,Hprob_TMValue_Costant,TMValue_Costant_pred,ln_TM_Home,ln_TM_Away,log_ratio_ln_TM,Aprob_TMValue_Lineups,Dprob_TMValue_Lineups,Hprob_TMValue_Lineups,TMValue_Lineups_pred,Elo_Home,Elo_Away,ratio_Elo
1,2021-08-21,Internazionale,Genoa,H,1.6275719380662899,0,0,2,0.0,0.0,0,0,0.05036633571519765,0.1224936018607903,0.8271400624240121,H,327644444.4444445,32761111.111111112,2.302686834469046,0.016893429242719252,0.05014956020805236,0.9329570105492283,H,1895.381836,1602.201416,1.1829859948145245
1,2021-08-23,Cagliari,Spezia,D,0.6151856390902335,0,0,1,0.0,0.0,0,0,0.16966957559536494,0.2763639743478965,0.5539664500567385,H,87061111.1111111,33775555.55555555,0.94687296620091,0.10911075969824705,0.22959012342604987,0.6612991168757031,H,1585.944824,1539.675659,1.0300512414608485
1,2021-08-21,Empoli,Lazio,A,-1.1276328174088697,0,0,0,0.0,0.0,0,0,0.6756719200670367,0.21573689694684373,0.10859118298611958,A,45400000.0,164918888.8888889,-1.2899416654954108,0.7577227916436149,0.1712490977619957,0.0710281105943894,A,1541.208984,1729.588623,0.8910841361379607
1,2021-08-22,Napoli,Venezia,H,1.7508370547228733,0,0,2,0.0,0.0,0,0,0.04306697328960603,0.1075569258111614,0.8493761008992325,H,258300000.0,14360000.0,2.8896751364817166,0.007289077086832627,0.022502221113298165,0.9702087017998693,H,1800.702026,1491.852783,1.2070239413160648
1,2021-08-22,Udinese,Juventus,D,-1.702147310538368,0,0,1,0.0,0.0,0,0,0.8174799641688135,0.12889522972659118,0.0536248061045953,A,55518888.88888889,220016666.66666666,-1.376979997868566,0.7801108772419585,0.15674326402198124,0.06314585873606027,A,1588.23291,1846.45874,0.8601507716332724
1,2021-08-21,Hellas Verona,Sassuolo,A,-0.5677837829958381,0,0,0,0.0,0.0,0,0,0.4970190693159611,0.29863285798907474,0.2043480726949642,A,56617777.777777776,100574444.44444445,-0.5745751631214875,0.5259780050193793,0.29672563860055956,0.17729635638006114,A,1582.683838,1694.678223,0.9339140708365614
1,2021-08-23,Sampdoria,Milan,A,-1.5078349834617366,0,0,0,0.0,0.0,0,0,0.7756489349409598,0.15596496265087212,0.06838610240816811,A,63677777.777777776,273655555.5555556,-1.458034574845388,0.799588194628641,0.14386565210528757,0.056546153266071486,A,1640.594971,1798.833252,0.9120328241519521
1,2021-08-21,Torino,Atalanta,A,-0.6135864972359458,0,0,0,0.0,0.0,0,0,0.5122720835314141,0.2931226212028326,0.19460529526575332,A,73277777.77777778,219333333.33333334,-1.0963352478360575,0.7026168756969152,0.20547517102309043,0.09190795327999435,A,1583.567139,1833.829834,0.8635300340522217
1,2021-08-22,Roma,Fiorentina,H,0.5193519934649972,1,0,2,0.0,0.0,0,0,0.18842242979474058,0.28933409571668256,0.5222434744885769,H,239848888.8888889,150294444.44444445,0.4674127624474243,0.19696940187032919,0.3093860773632393,0.4936445207664315,H,1738.524902,1625.907349,1.0692644344521012
1,2021-08-22,Bologna,Salernitana,H,0.9402174381958914,0,0,2,0.0,0.0,0,0,0.11701517896536485,0.22603217348533355,0.6569526475493016,H,75977777.77777778,14674444.444444444,1.6443333921494878,0.042690574944114906,0.11448690485234717,0.842822520203538,H,1590.986816,1482.236938,1.0733687544899115
2,2021-08-29,Genoa,Napoli,A,-1.5422588162395183,0,0,0,-1.0,1.0,-4,2,0.6891089814307853,0.2081578171593932,0.10273320140982156,A,36246666.666666664,274805555.5555556,-2.025716353817448,0.8321249155428134,0.12185348183452538,0.046021602622661195,A,1599.887817,1804.023926,0.8868440124003101
2,2021-08-28,Atalanta,Bologna,D,0.9788132116574604,0,0,1,1.0,1.0,1,1,0.11170942367114486,0.21962918562678,0.6686613907020751,H,214388888.8888889,70950000.0,1.1058162000354024,0.09185148983142279,0.20539025716478965,0.7027582530037876,H,1838.130737,1596.520508,1.1513354997880176
2,2021-08-28,Lazio,Spezia,H,1.3404373909279002,0,0,2,1.0,-0.5,2,0,0.10095502129871538,0.20578658276978917,0.6932583959314955,H,162400000.0,29245555.555555556,1.714334812413413,0.05665897924632617,0.1440916257695783,0.7992493949840955,H,1736.907959,1543.31665,1.12543848924328
2,2021-08-29,Milan,Cagliari,H,1.281791478447737,0,0,2,1.0,-0.5,1,0,0.10827097590716306,0.2153316833917195,0.6763973407011175,H,267855555.55555555,67636666.66666666,1.3762976210942905,0.08732473363105273,0.19845323806836948,0.7142220283005778,H,1805.029419,1584.489502,1.139186732838322
2,2021-08-28,Fiorentina,Torino,H,0.12213846202012206,0,0,2,-1.0,-1.0,-2,-1,0.2829002377271835,0.3256304576438887,0.39146930462892787,H,164977777.7777778,81577777.77777778,0.7042538909692023,0.14048141834108552,0.2655177738113928,0.5940008078475216,H,1620.925659,1581.451904,1.0249604524172744
2,2021-08-28,Juventus,Empoli,A,1.8780007268111205,0,0,0,-0.5,-1.0,0,-2,0.04120702032316816,0.10361480482409166,0.8551781748527402,H,284077777.7777778,49061111.11111111,1.7561813795030374,0.04167361438448421,0.11219799940542308,0.8461283862100927,H,1842.014282,1536.075317,1.1991692475063709
2,2021-08-27,Hellas Verona,Internazionale,A,-1.5534045538934989,0,0,0,-1.0,1.0,-1,4,0.6922812850176148,0.20634625159382325,0.10137246338856198,A,74772222.22222222,399150000.0,-1.6748908307483026,0.752040345417464,0.17487823889009324,0.07308141569244275,A,1576.479248,1898.78833,0.8302553913421198
2,2021-08-29,Salernitana,Roma,A,-1.9469346081025252,0,1,0,-1.0,1.0,-1,2,0.7916827579571498,0.14571810609238323,0.06259913595046696,A,13810000.0,232800000.0,-2.824786748436082,0.9442922691438201,0.04179697476938027,0.013910756086799592,A,1478.888916,1748.765381,0.8456760020914436
2,2021-08-27,Udinese,Venezia,H,0.16175010391211608,0,0,2,-0.5,-1.0,0,-2,0.29722664950204813,0.3277489319326099,0.37502441856534197,H,52782222.222222224,33058888.888888888,0.4678839507776757,0.2193970391495846,0.3209113248175648,0.45969163603285057,H,1593.770142,1489.623779,1.0699145411534143
2,2021-08-29,Sassuolo,Sampdoria,D,0.6882951574554173,0,0,1,1.0,-1.0,1,-1,0.23236943218740155,0.3115869976197354,0.456043570192863,H,101705555.55555555,60911111.11111111,0.5126663219283382,0.2758229838049674,0.3384930333692795,0.3856839828257531,H,1701.975586,1636.584473,1.0399558434525122
3,2021-09-11,Empoli,Venezia,A,-0.014103312360636605,0,0,0,0.0,-2.0,-1,-5,0.4358024837065045,0.31689399002238244,0.24730352627111313,A,50050000.0,30588888.888888888,0.4923856709488874,0.2857575815602606,0.340147486237604,0.37409493220213536,H,1551.638794,1482.800781,1.046424316659434
3,2021-09-12,Torino,Salernitana,H,1.3054441526174059,0,0,2,-2.0,-2.0,-2,-5,0.07546356269418705,0.16788982912998718,0.7566466081758257,H,78744444.44444445,15530000.0,1.6234340913193952,0.044155226731317304,0.11775047896232882,0.8380942943063538,H,1575.60022,1472.954956,1.0696866279460076
3,2021-09-11,Atalanta,Fiorentina,A,0.49144803521582375,0,0,0,0.5,0.0,1,-1,0.2140366907009692,0.30358057330069566,0.48238273599833514,H,198155555.55555555,162327777.7777778,0.19943474567054348,0.30122498203595666,0.3419786892282833,0.35679632873576,H,1831.350464,1626.777344,1.125753607741417
3,2021-09-12,Roma,Sassuolo,H,0.6418794848617433,0,0,2,2.0,0.5,6,1,0.22149833242761777,0.30704680091362313,0.47145486665875913,H,255655555.55555555,129333333.33333333,0.6814380014341039,0.23054029688689762,0.32559820497072867,0.44386149814237374,H,1754.699341,1698.956421,1.0328100940736253
3,2021-09-13,Bologna,Hellas Verona,H,0.20294609795094767,0,0,2,0.5,-2.0,1,-3,0.39531351792054514,0.32504284142143425,0.2796436406580206,A,90044444.44444445,83677777.77777778,0.07332993182716757,0.4521366221062942,0.3232055836894712,0.22465779420423465,A,1603.300781,1574.289551,1.0184281411139213
3,2021-09-12,Sampdoria,Internazionale,D,-1.673915928353078,0,0,1,-1.5,2.0,-1,6,0.6464162042292326,0.2316864208646371,0.12189737490613028,A,58426666.666666664,332911111.1111111,-1.7401031141279608,0.6940093709898136,0.21061517089841186,0.0953754581117745,A,1639.603638,1903.163696,0.8615147721901479
3,2021-09-12,Spezia,Udinese,A,-0.3886579897917832,0,0,0,-1.5,0.5,-5,3,0.3229000150465437,0.3297673479543138,0.34733263699914246,H,33245555.555555556,58162222.222222224,-0.5593149506025837,0.35522387028037566,0.34210551659727734,0.30267061312234705,A,1537.021362,1602.778687,0.9589729227538699
3,2021-09-11,Napoli,Juventus,H,-0.1130603597276106,0,0,2,2.0,-1.5,3,-1,0.5597633610880115,0.27385099260475776,0.16638564630723074,A,311172222.2222222,185822222.2222222,0.515556105962748,0.3611693897307225,0.34159058939797676,0.2972400208713008,A,1808.168091,1826.450806,0.9899900315190859
3,2021-09-12,Milan,Lazio,H,0.5565397266100705,0,0,2,2.0,2.0,4,7,0.18067451650284103,0.28425233946350636,0.5350731440336526,H,323188888.8888889,181866666.66666666,0.5749631297570018,0.1717594683889506,0.29269040811667657,0.5355501234943728,H,1809.42041,1743.203247,1.0379859107731457
3,2021-09-12,Cagliari,Genoa,A,0.17969951472721124,0,0,0,-1.5,-2.0,-3,-5,0.29245715619615814,0.3271263726810682,0.3804164711227736,H,78822222.22222222,36522222.222222224,0.7692740616693476,0.14962714256479526,0.27427846461919025,0.5760943928160145,H,1580.098633,1595.743652,0.9901957817720963
4,2021-09-19,Lazio,Cagliari,D,0.7252517518376667,1,0,1,1.0,-2.0,5,-4,0.26922984445078624,0.3228879974617852,0.40788215808742856,H,200228888.8888889,87055555.55555555,0.8329146721552999,0.2602738172643419,0.3350990355288362,0.40462714720682186,H,1722.52771,1568.45813,1.0982299604006645
4,2021-09-19,Empoli,Sampdoria,A,-0.17633756055720343,0,0,0,-1.0,-2.0,-2,-1,0.42879143359095334,0.3185488681593767,0.25265969824967,A,50205555.55555556,54844444.44444444,-0.08837520624321306,0.38761787326688973,0.3381850112732337,0.2741971154598765,A,1537.751587,1642.356934,0.9363077874032955
4,2021-09-19,Hellas Verona,Roma,H,-1.2096632678575814,0,1,2,-2.0,2.0,-4,7,0.4656674465920382,0.3088005452413666,0.22553200816659524,A,77888888.8888889,244100000.0,-1.1422946677005437,0.43271985251821754,0.3286137646218602,0.23866638285992225,A,1565.210083,1761.04834,0.8887945023701053
4,2021-09-18,Salernitana,Atalanta,A,-1.9190306498533518,0,1,0,-2.0,-0.5,-9,0,0.8056106413834234,0.13668564913768555,0.05770370947889103,A,13762222.222222222,229344444.44444445,-2.8132976795302973,0.9391813837194402,0.045569699085407644,0.0152489171951522,A,1460.932251,1816.819946,0.8041150441002478
4,2021-09-20,Udinese,Napoli,A,-1.5890869508107572,0,1,0,1.5,2.0,4,4,0.7728434579987872,0.15774073995777893,0.0694158020434339,A,55868888.88888889,331388888.8888889,-1.7802849007996582,0.8577874937944675,0.10407970795918275,0.03813279824634974,A,1607.279175,1814.042236,0.8860208120314129
4,2021-09-18,Genoa,Fiorentina,A,-0.764478658565375,0,0,0,-1.0,1.0,-4,0,0.4402212281530407,0.3158015494639193,0.24397722238304004,A,40186666.666666664,145061111.1111111,-1.2836198439215332,0.6412856765253407,0.24073607277915166,0.1179782506955076,A,1601.589722,1637.67395,0.9779661708608114
4,2021-09-18,Internazionale,Bologna,H,1.3504584559425512,1,0,2,1.5,1.5,6,2,0.07115904528647189,0.16071504065775954,0.7681259140557686,H,363022222.2222222,67455555.55555555,1.682995105833958,0.04681813105982202,0.12358576643334632,0.8295961025068317,H,1885.486328,1606.585815,1.1735982668314546
4,2021-09-19,Venezia,Spezia,A,0.226907885879667,0,0,0,-1.0,-2.0,-4,-6,0.3049110380014261,0.3285842337059978,0.366504728292576,H,29752222.22222222,31118888.888888888,-0.044911168840962044,0.3940045888432766,0.3371046832147001,0.2688907279420233,A,1490.893555,1526.72644,0.9765295968804996
4,2021-09-17,Sassuolo,Torino,A,-0.00038902937662400286,0,0,0,-0.5,-1.0,0,2,0.34422444938590663,0.32986420316694726,0.32591134744714617,A,131055555.55555557,86966666.66666667,0.4100964180369373,0.21488175768820064,0.3188223753114737,0.46629586700032566,H,1692.376221,1583.57019,1.0687093200459905
4,2021-09-19,Juventus,Milan,D,0.19382818279218045,1,1,1,-2.0,2.0,-2,6,0.11842911423829618,0.22769278391943248,0.6538781018422714,H,208666666.66666666,327344444.4444444,-0.45027488100956825,0.23191051928755402,0.3261299272744913,0.4419595534379547,H,1823.406128,1810.55835,1.0070960309011858
5,2021-09-21,Atalanta,Sassuolo,H,0.6139755266125699,0,0,2,0.5,-1.5,1,-1,0.25058795920006716,0.31792384881255054,0.4314881919873823,H,232366666.66666666,119212222.22222222,0.6674112990280635,0.2295899809642845,0.3252238014548179,0.4451862175808976,H,1818.654297,1678.968262,1.083197543492338
5,2021-09-22,Milan,Venezia,H,1.6700692316583037,0,0,2,1.5,-2.0,6,-5,0.10574689980602585,0.21210105260555467,0.6821520475884195,H,258077777.7777778,30676666.666666668,2.129758681562696,0.06023572365431679,0.15114950196267016,0.788614774383013,H,1812.065918,1482.71875,1.2221238302948554
5,2021-09-23,Torino,Lazio,D,-0.26261107001962514,0,0,1,0.0,0.5,3,5,0.36787567513828284,0.32846230687524186,0.30366201798647535,A,82677777.77777778,148306666.6666667,-0.584331344988723,0.48737042138769693,0.311658903626736,0.2009706749855671,A,1593.494629,1717.459961,0.9278205403240839
5,2021-09-23,Roma,Udinese,H,1.330658786601611,0,0,2,1.0,0.5,6,0,0.08171177054078639,0.17788750661070296,0.7404007228485107,H,251833333.3333333,62744444.44444445,1.3896974537021127,0.07930398332081473,0.18551429557580107,0.7351817211033842,H,1749.073853,1599.185791,1.0937277349783556
5,2021-09-22,Cagliari,Empoli,A,0.402381065571203,0,0,0,-2.0,-2.0,-4,-5,0.21374301267600418,0.3034381256192158,0.48281886170478006,H,87944444.44444445,52650000.0,0.5130390634048629,0.18027343078472058,0.2988066976678232,0.5209198715474562,H,1573.525879,1526.793213,1.0306083794466017
5,2021-09-22,Spezia,Juventus,A,-2.090805300330151,0,0,0,-1.0,-2.0,-5,-2,0.9058363205123979,0.06846009145103416,0.025703588036567915,A,31937777.777777776,322255555.5555556,-2.3115553160947604,0.9381092184583449,0.046359758014692054,0.015531023526963006,A,1534.901245,1821.89856,0.8424734936944019
5,2021-09-23,Sampdoria,Napoli,A,-1.5886028065263065,0,0,0,-1.0,2.0,2,8,0.6484007872445477,0.23062937542751216,0.12096983732794009,A,59062222.222222224,347022222.2222222,-1.7707973167554663,0.7319307893923642,0.18754223458449548,0.0805269760231403,A,1653.315308,1822.13562,0.9073503035959529
5,2021-09-21,Fiorentina,Internazionale,A,-0.8630932795009146,0,0,0,2.0,2.0,1,11,0.593768178018366,0.25828876154754943,0.14794306043408456,A,181505555.55555555,397983333.3333334,-0.7851238660027365,0.5534376726568252,0.2848222811376594,0.1617400462055154,A,1645.885742,1889.587036,0.871029336380354
5,2021-09-21,Bologna,Genoa,D,0.27711348212373854,0,0,1,0.5,-2.0,-3,-5,0.3719541220696526,0.3280711485277772,0.2999747294025702,A,87050000.0,33911111.11111111,0.9427399441401154,0.18356538964568103,0.30103743885794426,0.5153971714963748,H,1602.485107,1593.37793,1.0057156414862605
5,2021-09-22,Salernitana,Hellas Verona,D,-0.7372713402449438,0,0,1,-2.0,-1.0,-10,-3,0.4925365995531127,0.30018431166925685,0.20727908877763046,A,14116666.666666666,70566666.66666667,-1.6092017570427561,0.7603370064028029,0.1695722148852722,0.07009077871192493,A,1459.0979,1577.18457,0.9251281858533527
6,2021-09-25,Spezia,Milan,A,-1.8969771175379706,0,0,0,-2.0,2.0,-6,8,0.6852808539029215,0.21033268492709523,0.10438646116998329,A,30211111.111111112,298572222.2222222,-2.2908020797583575,0.7887262927113207,0.15107584845156652,0.060197858837112816,A,1532.230103,1814.098999,0.8446232007429711
6,2021-09-26,Lazio,Roma,H,-0.37887938546549427,0,0,2,0.0,2.0,5,7,0.31974069311331826,0.3296352374327309,0.3506240694539509,H,185166666.66666666,222755555.55555555,-0.18481868639400956,0.27988352336572947,0.3392160822420261,0.3809003943922444,H,1715.001099,1752.749023,0.9784635886229788
6,2021-09-26,Juventus,Sampdoria,H,1.7016631662539172,0,0,2,-1.0,-2.0,-1,-2,0.05793201067298276,0.13711449940452217,0.804953489922495,H,247827777.7777778,50233333.333333336,1.5960552435179636,0.05490452572723849,0.14055428953812443,0.8045411847346371,H,1824.569702,1643.892334,1.1099082733480283
6,2021-09-26,Empoli,Bologna,H,-0.4997950329677301,0,0,2,-1.0,0.0,-3,-3,0.4140581921460842,0.32170195268024304,0.26423985517367277,A,59583333.333333336,81866666.66666667,-0.3177160146988704,0.37621406101864835,0.33986987368194116,0.28391606529941044,A,1541.258423,1601.150635,0.9625942677154795
6,2021-09-27,Venezia,Torino,D,-0.850918435028608,0,0,1,-2.0,-0.5,-7,3,0.4996781051187905,0.29769773764889096,0.20262415723231852,A,35541111.11111111,77140000.0,-0.774931866864416,0.43778148595438454,0.32727364553285015,0.23494486851276536,A,1480.685791,1595.953613,0.927774954697258
6,2021-09-25,Genoa,Hellas Verona,D,-0.07416738417279078,0,0,1,-2.0,-1.5,-5,-3,0.31207105101400473,0.3291818470612526,0.35874710192474263,H,33327777.77777778,76166666.66666667,-0.826532704903267,0.5606610047518941,0.2815288601064577,0.1578101351416482,A,1594.712402,1574.921143,1.012566507909279
6,2021-09-26,Udinese,Fiorentina,A,-0.8113067931366141,0,0,0,-0.5,1.0,-1,-1,0.4861233017007243,0.3023487532277071,0.21152794507156863,A,61083333.333333336,170522222.22222224,-1.0266265717461787,0.6064554664511767,0.25921458676527476,0.1343299467835486,A,1595.51062,1641.159546,0.9721849553803222
6,2021-09-26,Napoli,Cagliari,H,1.362559301512307,0,0,2,2.0,-2.0,12,-6,0.1675772645012077,0.2747715312444291,0.5576512042543632,H,345877777.7777778,84338888.8888889,1.4112423951932398,0.19611682253396123,0.3088890767015947,0.49499410076444406,H,1831.558594,1559.060791,1.174783308369404
6,2021-09-26,Sassuolo,Salernitana,H,1.3050551232407819,0,0,2,-2.0,-2.0,-2,-10,0.07549973156389149,0.16794910814236058,0.756551160293748,H,131166666.66666667,13711111.111111112,2.25826224505428,0.020701826484927598,0.06052105816276709,0.9187771153523053,H,1675.225464,1461.361328,1.146345829674234
6,2021-09-25,Internazionale,Atalanta,D,0.371645244285091,0,0,1,2.0,1.5,13,2,0.241841226684826,0.31507340172917264,0.44308537158600136,H,383888888.8888889,228511111.1111111,0.5187683234066801,0.26214838842136745,0.3355623854615275,0.40228922611710505,H,1894.31311,1822.397217,1.0394622491348988
7,2021-10-03,Atalanta,Milan,A,-0.20556429939374976,1,1,0,1.0,2.0,2,9,0.3227509713049469,0.329761820699633,0.3474872079954201,H,209466666.66666666,331305555.5555556,-0.45847646040920276,0.3946902616812618,0.3369830170215548,0.26832672129718343,A,1827.800659,1806.72998,1.011662328755955
7,2021-10-02,Salernitana,Genoa,H,-0.663103956072153,0,0,2,-2.0,-2.0,-11,-5,0.5292205515415225,0.28659888361476216,0.18418056484371537,A,12235555.555555556,30983333.333333332,-0.929103322561156,0.6002024585003087,0.26240012049559147,0.1373974210040998,A,1457.277466,1591.70166,0.915546865736133
7,2021-10-03,Hellas Verona,Spezia,H,0.509653508535813,0,0,2,-2.0,-2.0,-3,-7,0.19070646863115526,0.29076068740262284,0.5185328439662219,H,77372222.22222222,22957777.777777776,1.2149710500778017,0.07928479039897246,0.1854823092771566,0.735232900323871,H,1575.122681,1528.119507,1.0307588338377254
7,2021-10-01,Cagliari,Venezia,D,0.3882777532105664,0,0,1,-2.0,-2.0,-8,-7,0.21691771189751663,0.3049536194655681,0.4781286686369153,H,82858888.8888889,38001111.11111111,0.7795236279950644,0.12548588100392769,0.24954180904472087,0.6249723099513514,H,1556.424194,1483.008179,1.04950479440343
7,2021-10-03,Sampdoria,Udinese,D,0.00048414428445068636,0,0,1,-2.0,-1.5,-3,-2,0.2911281034021974,0.3269383755910811,0.3819335210067215,H,57500000.0,59916666.666666664,-0.041169760129741585,0.2945697803161091,0.341298501072093,0.3641317186117979,H,1639.295166,1586.301147,1.0334072878281795
7,2021-10-03,Fiorentina,Napoli,A,-0.7777801576741433,0,1,0,2.0,2.0,0,14,0.5660870637070695,0.2710617293656058,0.1628512069273247,A,185722222.22222224,347355555.5555556,-0.6260967826012175,0.469409906679624,0.3178109880442155,0.2127791052761605,A,1647.559692,1816.749512,0.9068722358902717
7,2021-10-03,Bologna,Lazio,H,-0.6278377844411395,0,1,2,-1.0,1.0,-5,6,0.39596454470039844,0.3249399590390877,0.2790954962605139,A,94522222.22222222,135977777.7777778,-0.3636565110466015,0.280683119479056,0.33935076920335694,0.37996611131758706,H,1587.802734,1725.918457,0.9199755223430003
7,2021-10-03,Roma,Empoli,H,1.5065122028743638,1,0,2,1.0,0.0,6,-1,0.0737298797136326,0.16502884067328252,0.761241279613085,H,232922222.2222222,47877777.777777776,1.5820531203480446,0.06913843035669094,0.16785537690661873,0.7630061927366902,H,1750.770142,1551.796875,1.1282212061420733
7,2021-10-02,Torino,Juventus,A,-1.012978979421876,0,1,0,-1.0,0.0,3,0,0.5833378847743014,0.26320657808458736,0.15345553714111126,A,92111111.1111111,293377777.7777778,-1.1584655446793208,0.6843107974783346,0.2163350824049748,0.09935412011669065,A,1592.353271,1835.670288,0.8674505881635755
7,2021-10-02,Sassuolo,Internazionale,A,-0.9856207708976609,0,1,0,-1.0,1.5,-1,13,0.4828860584828506,0.3034161500874525,0.21369779142969691,A,127183333.33333333,408827777.7777778,-1.1676643710677468,0.5059440780113875,0.3047528720598843,0.18930304992872815,A,1676.5,1885.892456,0.8889690367370556
8,2021-10-16,Milan,Hellas Verona,H,1.3873236090021577,0,0,2,2.0,-1.0,10,1,0.13220841466025687,0.24291218413145785,0.6248794012082852,H,224694444.44444445,67884444.44444445,1.1969345413179333,0.17549825320816037,0.2954389279957333,0.5290628187961064,H,1816.287964,1586.65332,1.1447289342324638
8,2021-10-17,Udinese,Bologna,D,-0.3239416166949775,0,0,1,-2.0,0.0,-2,-2,0.3044470353214365,0.3285395589869626,0.36701340569160085,H,58383333.333333336,88405555.55555555,-0.4149043523445872,0.3505501327233909,0.34244210992458396,0.3070077573520252,A,1588.907471,1605.746094,0.9895135208094735
8,2021-10-17,Napoli,Torino,H,0.8999186196942653,0,0,2,2.0,-2.0,15,2,0.27159825660678377,0.32341567054829673,0.40498607284491944,H,353344444.4444444,78011111.11111112,1.5105920777974675,0.15405867861617667,0.2782718979006103,0.5676694234832131,H,1821.522217,1588.993652,1.1463370005961482
8,2021-10-18,Venezia,Fiorentina,H,-0.9730568970487301,0,0,2,-2.0,1.0,-7,-1,0.4484118425466988,0.3136779971074534,0.23791016034584783,A,47594444.44444445,160777777.7777778,-1.2173071082214308,0.5478955086591741,0.28730454237819314,0.16479994896263273,A,1484.574951,1642.786865,0.9036929760209642
8,2021-10-17,Empoli,Atalanta,A,-1.4786082446251905,0,0,0,-1.0,0.0,-3,1,0.7224886166399065,0.18868911696853985,0.08882226639155366,A,49430000.0,205388888.8888889,-1.4243476737215992,0.7285087461115679,0.1896686753212281,0.08182257856720399,A,1547.896362,1818.242676,0.8513145040711826
8,2021-10-17,Genoa,Sassuolo,D,-0.6419511671686289,0,0,1,-2.0,-2.0,-6,-2,0.5221939312100865,0.2893532726391099,0.18845279615080357,A,32555555.555555556,124432222.22222222,-1.3408131361630198,0.7388710925711321,0.18320371024031856,0.07792519718854929,A,1581.25769,1672.586792,0.9453964945575152
8,2021-10-16,Spezia,Salernitana,H,0.2276178317091309,0,0,2,-2.0,-1.0,-11,-10,0.2115915111241879,0.30238038488664704,0.486028103989165,H,34047777.777777776,11788888.888888888,1.0606072986806616,0.07284259337955777,0.1744592271295921,0.75269817949085,H,1516.588867,1467.721436,1.0332947586656354
8,2021-10-17,Juventus,Roma,H,0.37148852393675663,0,0,2,1.0,2.0,1,8,0.18094558383431114,0.2844365699912168,0.5346178461744721,H,194588888.8888889,244222222.2222222,-0.22718948668494787,0.3188366306532112,0.3430346340765983,0.3381287352701905,D,1839.029907,1754.670776,1.0480768997545555
8,2021-10-17,Cagliari,Sampdoria,H,0.22604350501399967,0,0,2,-2.0,-2.0,-8,-3,0.2558639164428394,0.31947861899848456,0.4246574645586761,H,83855555.55555555,45484444.44444445,0.6117253547939863,0.14079722383325757,0.26583228128442016,0.5933704948823223,H,1551.794434,1636.688843,0.9481303918193814
8,2021-10-16,Lazio,Internazionale,H,-0.7226206715014117,0,0,2,0.0,2.0,3,14,0.42629005672170145,0.3191155707619357,0.2545943725163629,A,176902222.2222222,335022222.2222222,-0.6385997015048699,0.3708089326819634,0.34055543328149435,0.2886356340365422,A,1707.975098,1889.805542,0.9037835163677385
9,2021-10-23,Salernitana,Empoli,A,-0.44042240522816123,0,0,0,-2.0,-2.0,-11,-6,0.4552057407295798,0.3118217487727419,0.23297251049767836,A,10460000.0,56866666.666666664,-1.6931508877526922,0.8235550580133241,0.127709664272305,0.04873527771437092,A,1451.268799,1532.274902,0.9471334400281131
9,2021-10-24,Hellas Verona,Lazio,H,-0.8307838823920871,0,1,2,-2.0,1.0,0,5,0.40212057421291114,0.32391957973925645,0.2739598460478324,A,80458888.8888889,158766666.6666667,-0.6796892621967685,0.3580568749425525,0.3418721361433728,0.30007098891407463,A,1573.525757,1709.902466,0.9202429894618329
9,2021-10-24,Atalanta,Udinese,D,1.3027548283524377,1,0,1,1.0,-2.0,4,-2,0.1457999966168248,0.2563129941589955,0.5978870092241797,H,187055555.55555555,55483333.333333336,1.2153229859119854,0.157408722981716,0.28118568576265757,0.5614055912556264,H,1808.120728,1577.538086,1.1461661331959754
9,2021-10-24,Internazionale,Juventus,D,-0.027747237900839185,1,1,1,1.0,2.0,12,2,0.27327685285943715,0.3237761125480386,0.40294703459252423,H,395227777.7777778,189066666.66666666,0.7373625647530614,0.1510208633233832,0.2755517007649646,0.5734274359116522,H,1864.063232,1838.476685,1.0139172540009664
9,2021-10-22,Sampdoria,Spezia,H,0.3891421340762339,0,0,2,-2.0,-1.0,-5,-10,0.17791258133436866,0.2823480319503968,0.5397393867152345,H,43530000.0,35991111.11111111,0.19017836117651976,0.24253602797917595,0.32993547251538047,0.4275284995054436,H,1622.123169,1520.741821,1.0666657197165355
9,2021-10-24,Fiorentina,Cagliari,H,0.5847791438381638,0,0,2,0.0,-1.0,-2,-6,0.21386597560828285,0.3034978247093782,0.482636199682339,H,177116666.6666667,82816666.66666667,0.7601793197703747,0.18149399713178474,0.29964234955176017,0.5188636533164551,H,1620.949951,1554.060669,1.0430416156423556
9,2021-10-22,Torino,Genoa,H,0.6423401965452529,0,0,2,-2.0,-2.0,1,-6,0.16490139393936076,0.2726904505062472,0.562408155554392,H,93788888.8888889,39555555.55555555,0.8633402401376439,0.13305406503972528,0.2578643463630027,0.609081588597272,H,1585.031616,1581.084717,1.0024963235414033
9,2021-10-23,Bologna,Milan,A,-1.18437751105121,0,1,0,-0.5,2.0,-2,11,0.5488017988841408,0.27856678995888906,0.17263141115697012,A,78633333.33333333,196961111.1111111,-0.9182106059780785,0.429165677988995,0.32952448436643605,0.24130983764456898,A,1595.752197,1801.313721,0.8858824414628439
9,2021-10-24,Roma,Napoli,D,-0.25842816420914616,1,1,1,1.0,2.0,7,16,0.33833373305215586,0.32997206455265027,0.33169420239519387,A,262722222.2222222,355633333.3333333,-0.30280295278159475,0.32607759394879327,0.34317090529291855,0.33075150075828824,D,1714.223877,1815.307983,0.9443157266168426
9,2021-10-23,Sassuolo,Venezia,H,0.850529405651984,0,0,2,-2.0,-1.0,-2,-6,0.10477577304465696,0.21084068689865776,0.6843835400566852,H,136200000.0,39137777.777777776,1.247036209604133,0.06250835479896623,0.1555291120604802,0.7819625331405535,H,1660.460205,1485.048584,1.1181184392819838
10,2021-10-27,Sampdoria,Atalanta,A,-1.3022706840679872,0,0,0,-1.0,0.5,-4,4,0.6454428386975403,0.23220349768938686,0.12235366361307287,A,42542222.222222224,199711111.1111111,-1.5463748310642098,0.7219579175029217,0.19371545818390068,0.08432662431317761,A,1617.530762,1801.501953,0.8978789944170547
10,2021-10-28,Napoli,Bologna,H,1.26514533411578,0,0,2,1.5,-1.5,16,-4,0.1520890097647042,0.26200924541806503,0.5859017448172308,H,342702222.2222222,88266666.66666666,1.3564993779183185,0.17983127568487267,0.29850147281936684,0.5216672514957605,H,1813.736572,1589.973511,1.1407338294958551
10,2021-10-27,Lazio,Fiorentina,H,0.1404726079995029,0,0,2,0.0,1.0,2,1,0.23126126160039898,0.3111510258924163,0.4575877125071848,H,190333333.33333334,174938888.8888889,0.08434021440032838,0.26196456144959157,0.3355176204377892,0.4025178181126192,H,1692.126953,1630.053711,1.0380804887477724
10,2021-10-26,Venezia,Salernitana,A,0.4545257175887979,0,0,0,-2.0,-2.0,-8,-13,0.20230004317632508,0.29752003763215007,0.5001799191915248,H,34942222.222222224,12200000.0,1.0522599520381748,0.10237249396752102,0.22055087585173494,0.677076630180744,H,1480.569824,1441.209595,1.0273105515926015
10,2021-10-26,Spezia,Genoa,D,-0.4354861243630222,0,0,1,-2.0,-2.0,-11,-7,0.4535752952819009,0.3122749328771709,0.23414977184092822,A,36617777.777777776,31397777.777777776,0.15379673510972752,0.24839907336292408,0.3318019892916758,0.4197989373454001,H,1507.206787,1565.25647,0.9629136284611557
10,2021-10-26,Milan,Torino,H,0.8191507966296955,0,0,2,2.0,-1.0,13,2,0.24515782644424758,0.3161950390104826,0.4386471345452698,H,262427777.77777776,100105555.55555555,0.9637507270641142,0.23778413254009442,0.32830223723144303,0.4339136302284625,H,1807.092407,1582.732544,1.1417547543648665
10,2021-10-27,Cagliari,Roma,A,-1.1041311373031608,0,0,0,-2.0,0.5,-9,7,0.5225795386143528,0.2892039219090248,0.18821653947662242,A,70166666.66666666,257555555.55555555,-1.3003620821091513,0.5366329338728443,0.29222609473527195,0.17114097139188378,A,1544.956909,1715.795166,0.9004320210329815
10,2021-10-27,Empoli,Internazionale,A,-1.8502534889102813,0,0,0,-1.0,0.5,-4,12,0.7906973241612331,0.14635260783419335,0.06295006800457359,A,55355555.55555555,325616666.6666667,-1.7719437948776742,0.7427666176448053,0.18075356828486755,0.07647981407032711,A,1542.334106,1862.030518,0.8283076410888341
10,2021-10-27,Udinese,Hellas Verona,D,-0.12099551874402978,0,0,1,-2.0,-1.0,-2,3,0.29924241359560894,0.32798786299395594,0.3727697234104352,H,59572222.222222224,61972222.222222224,-0.039496860646487233,0.25116027881040487,0.3326255044112671,0.4162142167783281,H,1584.15686,1591.301147,0.9955104117071313
10,2021-10-27,Juventus,Sassuolo,A,1.0133680087985,0,0,0,1.5,-1.0,2,0,0.18157495302871107,0.28486249523130247,0.5335625517399865,H,323988888.8888889,132572222.22222222,0.893581651348474,0.1983753600250569,0.3101958585710714,0.49142878140387175,H,1840.509399,1664.939087,1.105451492712778
11,2021-10-31,Roma,Milan,A,-0.17766034114457632,0,0,0,1.5,2.0,8,14,0.34164347385662613,0.32992376261119677,0.32843276353217715,A,251466666.66666666,253133333.33333334,-0.006605916478454329,0.27853035374642326,0.3389824075497923,0.3824872387037845,H,1720.606689,1809.46936,0.9508902040761829
11,2021-10-30,Atalanta,Lazio,D,0.3509754272163207,0,0,1,1.5,1.0,6,3,0.24701674541657426,0.3168017763683074,0.4361814782151183,H,213377777.7777778,186366666.6666667,0.13534813995607592,0.33261454957904973,0.34315207884314686,0.32423337157780335,D,1807.934448,1697.376465,1.0651346270433883
11,2021-10-30,Torino,Sampdoria,H,0.6886841868320412,0,0,2,-2.0,-2.0,1,-6,0.1565737504345268,0.26588588800671864,0.5775403615587545,H,94683333.33333333,41355555.55555555,0.8283312234630952,0.13901329604790924,0.2640441539005265,0.5969425500515643,H,1580.355469,1611.098267,0.9809181111855793
11,2021-10-31,Sassuolo,Empoli,A,0.8646327180126205,0,0,0,0.0,-2.0,1,-6,0.1932641986178595,0.2923205036279687,0.5144152977541718,H,136583333.33333334,46708888.88888889,1.0730004421602148,0.1568973368124282,0.2807466550284913,0.5623560081590805,H,1678.241089,1539.064331,1.0904294610671477
11,2021-10-31,Genoa,Venezia,D,0.20857823848335505,0,0,1,-2.0,-2.0,-7,-9,0.26031931640770295,0.320698088052973,0.4189825955393241,H,32282222.222222224,40358888.88888889,-0.223294981990224,0.39898350718949777,0.3361965696973033,0.26481992311319885,A,1564.954346,1470.151978,1.0644847399579527
11,2021-10-31,Salernitana,Napoli,A,-2.205362772311671,0,0,0,-1.0,2.0,-12,19,0.8074793866773019,0.1354646962504168,0.057055917072281304,A,11192222.222222222,298705555.5555556,-3.2842392315454148,0.9280492176729513,0.05374906937737234,0.01820171294967632,A,1451.627319,1817.845581,0.7985427003109127
11,2021-10-31,Internazionale,Udinese,H,1.6744000726375288,0,0,2,1.5,-2.0,14,-2,0.10520251253089273,0.21139572460605838,0.6834017628630489,H,321188888.8888889,57831111.11111111,1.7145025035851045,0.11543907650153894,0.23762886591652355,0.6469320575819375,H,1865.300293,1583.015625,1.1783208349570145
11,2021-10-31,Fiorentina,Spezia,H,1.199964782928397,0,0,2,0.0,-2.0,0,-11,0.1328842052161289,0.2436151379451635,0.6235006568387076,H,167027777.77777776,34860000.0,1.5668200924915838,0.09254088861645277,0.20642433980821628,0.701034771575331,H,1624.804199,1507.508911,1.0778073596408744
11,2021-11-01,Bologna,Cagliari,H,0.09741396739652708,0,0,2,-2.0,-2.0,-7,-10,0.2898304626065699,0.3267486454765765,0.3834208919168535,H,88511111.1111111,82816666.66666667,0.06649876403110441,0.3096171847211226,0.3426133113748839,0.34776950390399347,H,1585.864502,1540.145386,1.0296849352116944
11,2021-10-30,Hellas Verona,Juventus,H,-1.581151791794338,0,0,2,-1.5,0.5,3,1,0.7002019905774657,0.2017868499596034,0.09801115946293093,A,73688888.8888889,202566666.66666666,-1.0112170239883338,0.5758548510634789,0.2743931660032909,0.14975198293323022,A,1592.442505,1827.207397,0.8715171072613603
12,2021-11-07,Udinese,Sassuolo,H,-0.6887793017398679,0,0,2,-2.0,-1.0,-4,0,0.47640234085218575,0.3055022471554805,0.21809541199233368,A,69672222.22222222,122333333.33333334,-0.5629478544526213,0.4256677707908817,0.3303959914601694,0.2439362377489489,A,1582.568726,1667.966919,0.9488010271503472
12,2021-11-07,Sampdoria,Bologna,A,-0.3234574724105268,0,0,0,-2.0,-1.0,-9,-5,0.35866297747593306,0.3291874562921407,0.3121495662319262,A,47737777.777777776,90161111.1111111,-0.6358751220320448,0.4560627512284926,0.3220262002075487,0.2219110485639587,A,1599.90686,1595.952026,1.002478040652583
12,2021-11-07,Venezia,Roma,H,-1.4924088905137274,0,1,2,-2.0,0.5,-9,7,0.6474101350162658,0.2311574910324362,0.12143237395129802,A,51596666.666666664,247255555.55555555,-1.5669653687181746,0.6301772885835456,0.24676040545152234,0.12306230596493206,A,1476.090088,1711.053833,0.8626789289335001
12,2021-11-06,Juventus,Fiorentina,H,0.8908405174017537,1,0,2,-0.5,1.0,0,3,0.08921492771236163,0.18926832432992247,0.7215167479577159,H,331577777.7777778,165604444.44444445,0.6942603258464513,0.10465292283323968,0.2236668437055273,0.6716802334612331,H,1820.931885,1634.100586,1.1143328021546894
12,2021-11-07,Lazio,Salernitana,H,1.568055222637031,1,0,2,0.5,-2.0,3,-13,0.09589088803071304,0.19884801559450466,0.7052610963747823,H,184177777.7777778,11377777.777777778,2.7842393394597567,0.021985371046072025,0.06394419721630956,0.9140704317376185,H,1705.093994,1451.90979,1.174380120406792
12,2021-11-06,Spezia,Torino,H,-1.077826320908275,0,0,2,-2.0,-1.0,-14,4,0.6044062833744086,0.25314755025291336,0.14244616637267804,A,37406666.666666664,84751111.11111112,-0.8178699149754907,0.43025404121584926,0.3292482836880524,0.24049767509609826,A,1502.42041,1595.754761,0.9415108428431003
12,2021-11-07,Milan,Internazionale,D,-0.1660809448913413,1,1,1,2.0,2.0,15,16,0.36608463659632434,0.3286206243852487,0.3052947390184269,A,235527777.7777778,397711111.1111111,-0.5238970313991955,0.5086740564905761,0.3036934212200575,0.18763252228936644,A,1816.269165,1872.720703,0.9698558691055384
12,2021-11-05,Empoli,Genoa,D,-0.22268155084399163,0,0,1,-1.0,-2.0,-5,-7,0.443976090361443,0.31484377423153836,0.24118013540701871,A,49450000.0,28828888.888888888,0.5395840872620742,0.21863704067847217,0.32056755231562023,0.46079540700590765,H,1553.436523,1563.114258,0.9938086835620177
12,2021-11-06,Cagliari,Atalanta,A,-1.0762271790539875,0,1,0,-2.0,1.0,-12,6,0.48259757480156407,0.30351044141382644,0.2138919837846095,A,84555555.55555555,225488888.8888889,-0.9808621039832968,0.386173051820807,0.33841598460294803,0.2754109635762449,A,1534.265625,1806.58252,0.8492640707051677
12,2021-11-07,Napoli,Hellas Verona,D,1.4680914320667273,1,0,1,2.0,-0.5,20,4,0.10793411981907804,0.21490428177781168,0.6771615984031103,H,311900000.0,70433333.33333333,1.4880159876598564,0.12851630028349817,0.2529394904137756,0.6185442093027262,H,1825.519897,1607.357544,1.135727333233582
13,2021-11-22,Hellas Verona,Empoli,H,0.29684893501678256,0,0,2,-1.0,-1.5,4,-5,0.2611418065411701,0.320914012155106,0.41794418130372385,H,75722222.22222222,46266666.666666664,0.49264991439577355,0.24095500375132387,0.3294042039250398,0.4296407923236364,H,1613.714478,1552.575195,1.0393792733497846
13,2021-11-21,Salernitana,Sampdoria,A,-0.6167599657853646,0,0,0,-2.0,-2.0,-16,-10,0.5138145717243223,0.2925460098667655,0.1936394184089122,A,12280000.0,44822222.222222224,-1.2947321254648956,0.7218468045385381,0.19378382527528804,0.08436937018617385,A,1448.259155,1590.763062,0.9104178928942216
13,2021-11-21,Internazionale,Napoli,H,0.08531312182677148,0,0,2,1.5,1.5,16,20,0.2924547289295624,0.3271260351501734,0.3804192359202641,H,359627777.7777778,348022222.2222222,0.03280321124108259,0.29335612507520353,0.3411571374845607,0.3654867374402358,H,1872.32605,1819.162964,1.0292239271863275
13,2021-11-21,Sassuolo,Cagliari,D,0.46225165244141764,0,0,1,-2.0,-2.0,-1,-13,0.2006440839121956,0.29660274680109666,0.5027531692867078,H,144338888.8888889,88122222.22222222,0.49343918998759656,0.232635673462102,0.32640747092743594,0.44095685561046205,H,1658.830078,1531.372437,1.0832309880473576
13,2021-11-20,Atalanta,Spezia,H,1.691412818144221,0,0,2,2.0,-1.0,7,-13,0.0922301246397946,0.19365715853793244,0.714112716822273,H,200722222.2222222,35118888.88888889,1.743182842545149,0.11665034410980032,0.2391194034083632,0.6442302524818364,H,1809.475708,1511.671387,1.197003345807193
13,2021-11-20,Lazio,Juventus,A,-0.7503679094022508,0,0,0,1.5,0.5,6,1,0.616697196755318,0.24705536965772146,0.13624743358696056,A,180822222.2222222,293988888.8888889,-0.48602762280323897,0.5894614688549623,0.2677729318843506,0.1427655992606871,A,1708.744507,1823.978516,0.9368227158438747
13,2021-11-21,Bologna,Venezia,A,0.48569172060709354,0,0,0,0.0,-1.0,-4,-8,0.23689736972122744,0.31330673015214505,0.4497959001266275,H,96733333.33333333,49294444.44444445,0.6741466658368502,0.20188506159385952,0.31216464418969003,0.4859502942164504,H,1605.095825,1488.87085,1.0780624961527052
13,2021-11-21,Genoa,Roma,A,-1.2838306520303722,0,0,0,-2.0,-0.5,-7,6,0.640025053616459,0.2350650037014993,0.1249099426820417,A,30264444.444444444,235740000.0,-2.0527559299938316,0.8202574412499486,0.1299521566801526,0.04979040206989882,A,1564.19519,1698.273071,0.9210504580861953
13,2021-11-20,Fiorentina,Milan,H,-0.6970123346095733,0,0,2,0.0,1.5,2,15,0.4481174542311556,0.3137565066725961,0.23812603909624824,A,146611111.1111111,221277777.7777778,-0.41163524667832035,0.3087010828615789,0.34255586045372105,0.3487430566847001,H,1631.053955,1816.663818,0.8978292729998105
13,2021-11-22,Torino,Udinese,H,0.6891683311164919,0,0,2,-2.0,-1.0,3,-3,0.12672031650417978,0.23705565063746512,0.636224032858355,H,112166666.66666667,65922222.222222224,0.5315102644882946,0.16328033627413993,0.2860806760526845,0.5506389876731755,H,1586.503662,1591.705566,0.9967318679339217
14,2021-11-28,Milan,Sassuolo,A,0.8195398260063195,1,0,0,0.5,-2.0,14,-1,0.22330543311743095,0.3078427311186736,0.4688518357638955,H,241627777.7777778,133100000.0,0.5962977082963309,0.3335049652117514,0.34313933447093675,0.3233557003173118,D,1818.684326,1656.453247,1.097938821571823
14,2021-11-27,Venezia,Internazionale,A,-1.8361501765496449,0,1,0,0.0,2.0,-7,17,0.766119811661314,0.16197533545571086,0.0719048528829751,A,49523333.33333333,342605555.5555556,-1.9341358626429952,0.7359285988018551,0.18504732189362216,0.07902407930452271,A,1503.05127,1883.541382,0.7979921675009951
14,2021-11-27,Juventus,Atalanta,A,0.39939248218593015,1,1,0,1.5,2.0,3,10,0.193914094464109,0.29271055436579163,0.5133753511700994,H,320066666.6666667,237800000.0,0.29709932317204896,0.19757049366766807,0.30973377416989945,0.49269573216243245,H,1827.276978,1812.077515,1.0083878657917127
14,2021-11-28,Udinese,Genoa,D,-0.04682813457123898,0,0,1,-2.0,-2.0,-4,-9,0.33091785686663716,0.3299634846222423,0.3391186585111206,H,61211111.11111111,30355555.555555556,0.7013491767820358,0.15749325480083418,0.2812580588272533,0.5612486863719125,H,1586.824951,1558.561523,1.0181343037043524
14,2021-11-27,Empoli,Fiorentina,H,-0.9871602094093667,0,0,2,-2.0,1.0,-6,3,0.45306360103355053,0.31241616101248476,0.23452023795396476,A,58966666.666666664,177466666.66666666,-1.101810485355217,0.4846615821810359,0.3126207713630505,0.20271764645591367,A,1549.453003,1644.810303,0.9420253509927097
14,2021-11-28,Spezia,Bologna,A,-0.7125996064867606,0,0,0,-2.0,-1.0,-16,-5,0.4843237677729801,0.30294420625658675,0.21273202597043311,A,40013333.333333336,96988888.8888889,-0.885383692501028,0.5042589636260822,0.3054012698028553,0.19033976657106244,A,1511.150635,1595.33252,0.9472323895209006
14,2021-11-28,Napoli,Lazio,H,0.6373075496746403,1,1,2,0.5,0.5,19,4,0.16549054761155535,0.2731529704122327,0.561356481976212,H,286794444.4444444,177355555.55555555,0.4806092315968887,0.25787543853666894,0.33448387377057265,0.4076406876927584,H,1802.165771,1712.578613,1.0523112675353725
14,2021-11-27,Sampdoria,Hellas Verona,H,-0.12051137445957912,0,0,2,-1.0,0.0,-8,5,0.2989032098099134,0.32794865220464037,0.37314813798544627,H,46150000.0,80014444.44444445,-0.5503102129823835,0.3753346409579444,0.33998645430215463,0.28467890473990104,A,1600.765381,1621.253784,0.9873626182389221
14,2021-11-28,Roma,Torino,H,0.6414904554851193,1,0,2,0.5,-1.0,8,4,0.22183959226489583,0.307198389702264,0.4709620180328402,H,197166666.66666666,110944444.44444445,0.5750198192306811,0.24060606746356947,0.3292853300524482,0.4301086024839823,H,1713.501221,1595.801514,1.073755856206062
14,2021-11-26,Cagliari,Salernitana,D,0.8428034707993644,0,0,1,-2.0,-2.0,-13,-18,0.13132710773158457,0.24198951443310923,0.6266833778353063,H,84333333.33333333,13408888.888888888,1.8388593631047696,0.03581759120634038,0.0986439438927352,0.8655384649009243,H,1532.971802,1437.479492,1.0664303807681732
15,2021-12-01,Internazionale,Spezia,H,2.063058062429312,0,0,2,2.0,-2.0,19,-17,0.07336201589002896,0.16441682267450086,0.7622211614354701,H,281216666.6666667,28641111.111111112,2.2842822908573095,0.0993968070164565,0.21639543956707177,0.6842077534164718,H,1885.900513,1504.281372,1.2536886702868777
15,2021-12-01,Genoa,Milan,A,-1.4614909931749485,0,0,0,-2.0,-0.5,-9,12,0.6925709328742866,0.2061804296991374,0.10124863742657597,A,41161111.11111111,257377777.7777778,-1.833051052488969,0.7283737751338417,0.18975237128738476,0.08187385357877353,A,1560.575195,1800.491699,0.866749452867097
15,2021-12-01,Bologna,Roma,H,-1.0067171699066337,0,0,2,0.0,1.5,-4,9,0.5509064546438428,0.27767326199172204,0.17142028336443516,A,91527777.77777778,207866666.66666666,-0.8202543400350141,0.4518862359052148,0.32327984316652303,0.22483392092826215,A,1602.201904,1717.614136,0.9328066592018314
15,2021-11-30,Atalanta,Venezia,H,1.4645049322645538,0,0,2,2.0,-1.0,11,-9,0.12085066499628583,0.23049298459519318,0.648656350408521,H,186344444.44444445,45773333.333333336,1.403895133079981,0.17548548197953592,0.2954297079778144,0.5290848100426496,H,1821.557373,1500.692261,1.2138113991380144
15,2021-12-02,Lazio,Udinese,D,0.9517794011361169,0,0,1,-0.5,-2.0,0,-4,0.15877154855107858,0.2677307921984309,0.5734976592504906,H,178111111.1111111,56970000.0,1.1398827617810292,0.1211436426975094,0.24451736845755584,0.6343389888449347,H,1703.111206,1584.811279,1.0746460657919132
15,2021-11-30,Salernitana,Juventus,A,-2.318423132039282,0,0,0,-2.0,0.5,-18,2,0.8465970939845362,0.1094386331933156,0.04396427282214821,A,13291111.111111112,235000000.0,-2.8724900398639672,0.9125896859331116,0.06501909706819897,0.0223912169986894,A,1446.476563,1817.797119,0.7957304739242465
15,2021-11-30,Fiorentina,Sampdoria,H,0.8108226488521633,0,0,2,0.0,0.0,2,-6,0.13603568720064227,0.24684161033448634,0.6171227024648713,H,145411111.1111111,45116666.666666664,1.170313252333015,0.09885071700012227,0.21562168903886847,0.6855275939610093,H,1635.479858,1611.203613,1.0150671490580874
15,2021-12-02,Torino,Empoli,D,0.8650217473892445,0,0,1,-2.0,-1.0,3,-5,0.10297850841582702,0.2084823241428861,0.6885391674412868,H,86683333.33333333,55561111.11111111,0.4447781154646661,0.18950165190285614,0.3048776215215443,0.5056207265755995,H,1591.688599,1558.783569,1.0211094283096078
15,2021-12-01,Sassuolo,Napoli,D,-0.9003076490708894,0,0,1,-1.0,1.5,1,23,0.45458959653804537,0.3119935745585111,0.23341682890344356,A,141083333.3333333,278150000.0,-0.6788098041761674,0.2865977988889012,0.34026983557288476,0.373132365538214,H,1674.645996,1811.633301,0.924384639582202
15,2021-11-30,Hellas Verona,Cagliari,D,-0.10553213055442053,0,0,1,-1.0,-2.0,3,-13,0.40585764788953543,0.3232588021094244,0.2708835500010401,A,77853333.33333334,60966666.66666667,0.24449944801851692,0.3802288943587155,0.33931310364969564,0.2804580019915888,A,1610.815674,1534.36377,1.0498264528235048
16,2021-12-04,Napoli,Atalanta,A,0.2863321224583194,0,0,0,1.0,2.0,23,15,0.1983717821232462,0.2953182839528827,0.506309933923871,H,190966666.66666666,218944444.44444445,-0.13671912655241664,0.36480331789269643,0.34122904123639636,0.29396764087090727,A,1808.964966,1824.445801,0.9915147739705313
16,2021-12-06,Empoli,Udinese,H,-0.17585341627275267,0,0,2,-1.5,-2.0,-5,-4,0.3989639634097813,0.3244534842834211,0.2765825523067977,A,63844444.44444444,51400000.0,0.21681139674785038,0.2664148257155546,0.3365606771273773,0.39702449715706817,H,1560.899292,1589.117065,0.982243112466985
16,2021-12-04,Roma,Internazionale,A,-0.3437412860359175,0,0,0,0.5,2.0,8,21,0.33639020204737197,0.32998555599346496,0.3336242419591631,A,198866666.66666666,293011111.1111111,-0.3875759467664378,0.3013030428663016,0.34198572625529455,0.35671123087840384,H,1707.842407,1887.307861,0.9049092849616441
16,2021-12-05,Juventus,Genoa,H,1.6553191759671289,0,0,2,1.5,-2.0,4,-12,0.1076196555424666,0.2145042529013858,0.6778760915561477,H,235644444.44444445,24855555.555555556,2.2492427864787317,0.058661494130824325,0.14806825762204862,0.793270248247127,H,1820.309204,1554.550781,1.170955124945513
16,2021-12-04,Milan,Salernitana,H,2.1245949492471015,0,0,2,0.5,-2.0,15,-20,0.048098706318307906,0.11794289296350152,0.8339584007181906,H,273272222.2222222,10346666.666666666,3.2738040427103923,0.01758419330204654,0.05205489605064138,0.9303609106473121,H,1806.515991,1443.964478,1.251080631500133
16,2021-12-05,Spezia,Sassuolo,D,-1.077437291531651,0,0,1,-2.0,-1.5,-19,1,0.6332493730023955,0.23860365842309528,0.12814696857450925,A,32833333.333333332,132866666.66666666,-1.3979018596006512,0.651322816257573,0.23519210419589376,0.1134850795465332,A,1502.873901,1677.314209,0.8960002204333559
16,2021-12-05,Bologna,Fiorentina,A,-0.4873651764416365,0,0,0,1.0,1.0,-3,4,0.4700267058670814,0.3074849282958365,0.2224883658370821,A,87077777.77777778,186116666.66666666,-0.759572000501092,0.5577484126778329,0.28286466673442223,0.15938692058774484,A,1611.973511,1644.368652,0.9802993440913637
16,2021-12-05,Venezia,Hellas Verona,A,-0.2827456226561459,0,0,0,-2.0,-1.5,-13,3,0.3745912580262185,0.32779582115659256,0.29761292081718893,A,26530000.0,70087777.77777778,-0.9714722565921322,0.5240272604304923,0.29753248598178816,0.17844025358771953,A,1497.803711,1607.526245,0.9317444835869538
16,2021-12-05,Sampdoria,Lazio,A,-0.9512952568516663,0,0,0,-1.0,-1.0,-8,0,0.6224579362725815,0.24414548405548286,0.13339657967193563,A,42531111.11111111,150411111.1111111,-1.2631364515818133,0.7040800493252551,0.20459560305182967,0.09132434762291519,A,1602.314819,1698.80542,0.9432009105551359
16,2021-12-06,Cagliari,Torino,D,-0.4626406818180416,0,0,1,-2.0,-2.0,-13,3,0.4625557984316154,0.30971941369272143,0.22772478787566325,A,83000000.0,84294444.44444445,-0.015475352838432892,0.23402898720233914,0.3269333005824261,0.4390377122152348,H,1537.653076,1589.572754,0.9673373377410066
17,2021-12-12,Napoli,Empoli,A,1.7649403670835098,1,0,0,0.0,-0.5,22,-3,0.047564985236284524,0.11686021774069608,0.8355747970230194,H,193222222.2222222,57700000.0,1.2085837635040098,0.14619332733282167,0.2710726088142882,0.5827340638528902,H,1799.426025,1565.892334,1.14913777015783
17,2021-12-13,Roma,Spezia,H,1.7193167763933943,1,0,2,-0.5,-2.0,5,-19,0.06356769059223208,0.14746513737415157,0.7889671720336163,H,184717777.7777778,30891111.111111112,1.7883606585412366,0.08414295816808533,0.19342143407287288,0.7224356077590417,H,1697.561279,1500.389893,1.1314134325483622
17,2021-12-10,Genoa,Sampdoria,A,0.04634399028678826,0,0,0,-2.0,-2.0,-14,-10,0.3040325643312125,0.32849903355329435,0.36746840211549314,H,33705555.55555555,46382222.222222224,-0.3192535670001116,0.3985964257320426,0.3362692087049471,0.26513436556301023,A,1548.20105,1589.75061,0.9738641018668959
17,2021-12-12,Hellas Verona,Atalanta,A,-1.1817593096084078,0,1,0,-0.5,2.0,4,16,0.5479379155791191,0.27893188833628824,0.17313019608459268,A,67442222.22222222,197544444.44444445,-1.0746923299350155,0.4869355037092261,0.3118141323458168,0.2012503639449571,A,1607.621216,1815.216064,0.8856362875378344
17,2021-12-12,Internazionale,Cagliari,H,1.4478724233390783,1,0,2,2.0,-2.0,24,-13,0.15231519069075278,0.2622084048014872,0.5854764045077601,H,396694444.4444445,66735000.0,1.7824367700707084,0.18737657396609775,0.30352949218781267,0.5090939338460896,H,1881.752808,1531.922485,1.2283603292107825
17,2021-12-12,Sassuolo,Lazio,H,-0.2630000993962491,0,1,2,-2.0,0.0,1,2,0.2875319223912897,0.32639747655640344,0.3860706010523068,H,139394444.44444445,117422222.22222222,0.1715314683206521,0.1817874913595565,0.29984177916161736,0.5183707294788261,H,1667.438965,1696.13916,0.9830791036037397
17,2021-12-11,Venezia,Juventus,D,-1.863897414450484,0,1,1,-2.0,2.0,-14,6,0.6756992332379002,0.2157216483366582,0.10857911842544166,A,44125555.55555555,235588888.8888889,-1.6750491840839075,0.5715693754082358,0.276433800392205,0.15199682419955918,A,1485.349487,1818.662964,0.8167260874621296
17,2021-12-11,Fiorentina,Salernitana,H,1.4275826146375281,0,0,2,2.0,-2.0,5,-22,0.15583829534640428,0.2652605214256044,0.5789011832279913,H,180483333.33333334,11193333.333333332,2.780320074424994,0.04224951813279654,0.11349652024752235,0.8442539616196811,H,1646.473633,1436.155762,1.146445028154265
17,2021-12-12,Torino,Bologna,H,0.3652267144215145,0,0,2,-2.0,0.0,3,-4,0.14875801755798115,0.2590306222726987,0.5922113601693202,H,79616666.66666667,77422222.22222222,0.027949602965787527,0.2529680260344358,0.33314575216888864,0.41388622179667556,H,1582.944092,1597.509155,0.9908826419213854
17,2021-12-11,Udinese,Milan,D,-1.5083191277461874,0,1,1,-2.0,1.5,-6,17,0.59464183957559,0.2578712518794012,0.1474869085450088,A,63554444.44444445,259400000.0,-1.4064743405090685,0.47279946293711367,0.31669120629851605,0.21050933076437023,A,1571.764771,1797.220337,0.8745531856286801
18,2021-12-19,Sampdoria,Venezia,D,0.16223424819656684,1,1,1,-1.0,-2.0,-8,-14,0.32347307559723126,0.32978795304511554,0.3467389713576532,H,46911111.11111111,40672222.222222224,0.14270919932156845,0.3594280975266482,0.3417513238881879,0.2988205785851639,A,1598.110352,1492.287964,1.0709128469523728
18,2021-12-17,Salernitana,Internazionale,A,-2.2906758941384426,0,1,0,-2.0,2.0,-26,28,0.7862832045725704,0.1491872384830052,0.06452955694442442,A,9155555.555555556,268366666.66666666,-3.3779933450586186,0.8653235329641398,0.09879508603285936,0.03588138100300087,A,1430.570313,1884.278442,0.7592138619818694
18,2021-12-17,Lazio,Genoa,H,0.904951266564878,1,0,2,-1.0,-2.0,1,-16,0.15092510238032303,0.2609781921621014,0.5880967054575755,H,165000000.0,29624444.444444444,1.717345627551269,0.06995459352069831,0.16932751894737363,0.760717887531928,H,1688.450195,1534.444946,1.1003654444569428
18,2021-12-18,Cagliari,Udinese,A,0.2265276492984503,1,1,0,-2.0,-2.0,-17,-6,0.2557411263126384,0.3194438089202946,0.42481506476706704,H,69044444.44444445,61002222.222222224,0.12384012624047265,0.22522055788939904,0.3234422857213433,0.4513371563892576,H,1529.396851,1576.731689,0.969979142088518
18,2021-12-19,Spezia,Empoli,D,-0.21280457351903043,1,1,1,-2.0,0.5,-21,-2,0.2502804163441709,0.31782945339991747,0.43189013025591155,H,35238888.88888889,56888888.88888889,-0.4789497769596017,0.2528918656465522,0.33312413356867376,0.41398400078477404,H,1496.33313,1580.1073,0.9469819739456935
18,2021-12-19,Fiorentina,Sassuolo,D,0.12252749139674611,1,0,1,2.0,-1.0,9,2,0.45103025470150276,0.3129726308453858,0.2359971144531114,A,182605555.55555555,135777777.7777778,0.2963088300319439,0.42698557644229623,0.330070568963265,0.24294385459443874,A,1652.059204,1675.12793,0.9862286780687848
18,2021-12-19,Milan,Napoli,A,-0.08076782306456984,0,0,0,1.0,-1.0,17,21,0.45750959096522936,0.3111731857051816,0.23131722332958904,A,224200000.0,215457777.77777776,0.03977354707567106,0.37698902396194717,0.3397655316305768,0.28324544440747607,A,1792.253418,1785.21106,1.0039448321589493
18,2021-12-19,Torino,Hellas Verona,H,0.5681728123724621,1,1,2,-1.0,-1.5,4,3,0.19757471687447162,0.29486060512075285,0.5075646780047756,H,84766666.66666667,62115555.55555555,0.31090593415049195,0.24885489263782307,0.33194035761952784,0.41920474974264904,H,1590.2771,1603.725464,0.9916142978945678
18,2021-12-18,Atalanta,Roma,A,-0.027903958249173487,0,0,0,2.0,0.5,17,7,0.40984245129021774,0.32252044643603656,0.26763710227374576,A,204122222.2222222,222351111.1111111,-0.08553877109220004,0.5011512072792972,0.30658583327172595,0.19226295944897687,A,1819.111816,1701.61792,1.0690483419450592
18,2021-12-18,Bologna,Juventus,A,-1.3782056938433904,0,0,0,-1.0,1.5,-5,6,0.6117206535272296,0.24954135715992265,0.13873798931284775,A,90016666.66666667,250466666.66666666,-1.0233310061009684,0.4779081724976651,0.31496678199268996,0.207125045509645,A,1590.176147,1811.724487,0.877714110732776
19,2021-12-22,Roma,Sampdoria,D,1.3301746423171603,0,0,1,1.5,-1.5,10,-8,0.14124993622115442,0.2519965328563494,0.6067535309224962,H,206000000.0,32122222.22222222,1.8583280971035,0.09293702074773702,0.2070158891282336,0.7000470901240294,H,1721.737427,1594.306274,1.0799289039240147
19,2021-12-22,Sassuolo,Bologna,A,0.36483768504489045,0,0,0,-1.5,-2.0,2,-7,0.24413601077973493,0.3158548431376741,0.440009146082591,H,141984444.44444445,78533333.33333333,0.5921943423254351,0.21319733700029336,0.3180141377675582,0.4687885252321485,H,1675.42334,1584.892212,1.0571213154525867
19,2021-12-21,Genoa,Atalanta,D,-1.2559266937811986,0,0,1,-2.0,1.0,-18,14,0.5423414280191451,0.2812734456866499,0.176385126294205,A,27028888.888888888,191355555.55555555,-1.9572269920717744,0.6424861810830574,0.240077943049827,0.11743587586711557,A,1529.377075,1798.99231,0.8501298568641463
19,2021-12-22,Empoli,Milan,A,-1.6841725440189401,0,0,0,0.0,0.0,-2,16,0.8138796522211319,0.1312671569619307,0.0548531908169374,A,62716666.666666664,281755555.5555556,-1.5024126423862918,0.7228964650940759,0.1931376104831326,0.0839659244227915,A,1578.665649,1783.217041,0.8852908045981375
19,2021-12-22,Venezia,Lazio,A,-1.113529505048233,0,0,0,-2.0,0.0,-14,3,0.5561971649204998,0.27540197943914646,0.16840085564035379,A,38274444.44444444,159174444.44444445,-1.4252183090813555,0.6036508493016577,0.2606485401433317,0.1357006105550106,A,1496.092041,1693.518066,0.8834225456677236
19,2021-12-22,Hellas Verona,Fiorentina,D,-0.6903112743925842,0,0,1,-2.0,1.5,2,9,0.3303444479099941,0.329955980324708,0.3396995717652978,H,68088888.8888889,176916666.66666666,-0.9548647708250935,0.4133015997459229,0.3332745830177058,0.25342381723637136,A,1596.240356,1651.763794,0.9663853644197266
19,2021-12-22,Internazionale,Torino,H,0.9852317415210369,0,0,2,2.0,0.0,33,5,0.1691650913548133,0.2759827850400375,0.5548521236051492,H,333333333.3333333,81194444.44444445,1.4122961636588913,0.16484689854374288,0.28734207751137253,0.5478110239448846,H,1886.570435,1597.762207,1.180757954303021
19,2021-12-21,Juventus,Cagliari,H,1.4756196612399175,0,0,2,2.0,-2.0,8,-21,0.1476032716825196,0.25797791276430504,0.5944188155531753,H,234033333.33333334,58405555.55555556,1.388052540669473,0.25735839336958455,0.3343479431367692,0.40829366349364626,H,1817.008423,1513.801392,1.2002951196916325
19,2021-12-22,Napoli,Spezia,A,1.9777449406025405,0,0,0,0.0,-2.0,22,-21,0.05156766194258575,0.12487244678527198,0.8235598912721422,H,219077777.7777778,35304444.44444445,1.8254179554803447,0.13548097888230712,0.2604199172337386,0.6040991038839543,H,1794.247437,1497.77478,1.1979420811184978
20,2022-01-06,Spezia,Hellas Verona,A,-0.509653508535813,0,0,0,-1.0,-2.0,-20,2,0.5392407679482168,0.2825529185219037,0.17820631352987948,A,36253333.333333336,62450000.0,-0.5438349054754263,0.42244196888851976,0.33117759789173445,0.24638043321974584,A,1513.134521,1596.895386,0.9475476817490159
20,2022-01-06,Milan,Roma,H,0.17766034114457624,0,0,2,1.0,1.0,18,10,0.2677560199561892,0.3225482434836348,0.40969573656017594,H,199366666.66666666,231766666.6666667,-0.15058544305446098,0.4228784181962587,0.33107309829438714,0.24604848350935415,A,1788.753662,1717.428467,1.0415302275294125
20,2022-01-06,Lazio,Empoli,D,1.1276328174088697,0,0,1,1.0,-1.0,5,-4,0.14426596346884707,0.2548763316432032,0.6008577048879498,H,203133333.3333333,45827777.777777776,1.4889721689129776,0.09968956414153529,0.21680881099035826,0.6835016248681065,H,1699.29187,1573.129028,1.0801986612378498
20,2022-01-06,Sampdoria,Cagliari,A,-0.22604350501399958,0,0,0,-2.0,-2.0,-8,-23,0.3857360173390645,0.3264427450634825,0.28782123759745304,A,42646666.666666664,69344444.44444445,-0.4861369192498962,0.582477060378922,0.27119764472450913,0.14632529489656887,A,1598.615234,1511.332153,1.057752414534914
20,2022-01-06,Sassuolo,Genoa,D,0.6419511671686289,0,0,1,-2.0,-2.0,-1,-18,0.16497278035069554,0.2727466236237812,0.5622805960255233,H,103116666.66666667,35814444.44444445,1.057509745175028,0.13322688844578615,0.25804811877071954,0.6087249927834943,H,1656.49231,1535.315674,1.0789262026383768
20,2022-01-06,Juventus,Napoli,D,0.11306035972761057,0,0,1,2.0,-1.0,10,21,0.45415511573287437,0.31211432493929747,0.23373055932782816,A,301877777.7777778,194966666.66666666,0.43719362233196324,0.2693364080650786,0.33719988690353925,0.3934637050313821,H,1819.477661,1778.887695,1.0228176101920814
21,2022-01-09,Roma,Juventus,A,-0.3714885239367567,0,0,0,0.0,1.5,8,10,0.34480160992059083,0.3298482844983105,0.32535010558109867,A,208233333.33333334,262250000.0,-0.230639001444992,0.31294538017209406,0.34279809675727513,0.3442565230706308,H,1709.846802,1817.496094,0.9407705511140427
21,2022-01-09,Genoa,Spezia,A,0.4354861243630222,0,0,0,-2.0,-2.0,-18,-21,0.20642441109550635,0.2997368770881399,0.49383871181635375,H,32227777.777777776,34168888.88888889,-0.058486803869854324,0.35849402200693936,0.341834174542455,0.2996718034506056,A,1539.391968,1506.518799,1.021820616524547
21,2022-01-09,Hellas Verona,Salernitana,A,0.7372713402449438,0,0,0,-1.0,-2.0,3,-31,0.18183460251944333,0.2850374713069467,0.53312792617361,H,58111111.11111111,10262222.222222222,1.7338874795786283,0.104351302053361,0.22325808424961985,0.6723906136970192,H,1603.511108,1428.278442,1.1226880283613494
21,2022-01-09,Internazionale,Lazio,H,0.7226206715014118,0,0,2,2.0,0.5,34,5,0.20350569758068873,0.29817802724748066,0.49831627517183064,H,386550000.0,180100000.0,0.7637489735845733,0.31820362055635765,0.3430146922753843,0.33878168716825807,D,1888.416748,1695.09668,1.1140466324316085
21,2022-01-10,Torino,Fiorentina,H,-0.12213846202012216,0,0,2,-1.0,1.0,4,9,0.2504823281093456,0.31789147421927805,0.4316261976713764,H,85986111.11111112,173161111.1111111,-0.7000366547230994,0.42060530222326437,0.331613032376674,0.2477816654000617,A,1595.915771,1651.108887,0.9665720919834161
21,2022-01-09,Napoli,Sampdoria,H,1.5886028065263065,0,0,2,-1.5,-2.0,21,-9,0.05949446460141167,0.1400293215848619,0.8004762138137264,H,155891111.1111111,33542222.222222224,1.5363527477516874,0.10323601309300255,0.22173771930587433,0.6750262676011232,H,1780.869263,1587.669189,1.121687865040505
21,2022-01-11,Cagliari,Bologna,H,-0.09741396739652716,0,0,2,-1.0,-1.0,-22,-4,0.3457858141322931,0.32981896048495957,0.3243952253827473,A,70283333.33333333,73511111.1111111,-0.04490187484880295,0.245281705071792,0.33082973262438187,0.4238885623038261,H,1522.278198,1603.823364,0.9491557687521005
21,2022-01-09,Empoli,Sassuolo,A,-0.8646327180126205,0,0,0,-1.5,-2.0,-4,-1,0.6243054656254791,0.24320504036369472,0.13248949401082621,A,53833333.333333336,112266666.66666667,-0.7349841397054604,0.5761865622617613,0.2742343126113591,0.14957912512687954,A,1577.324341,1652.416016,0.9545564347761685
21,2022-01-09,Venezia,Milan,A,-1.6700692316583035,0,0,0,-2.0,2.0,-16,20,0.6167658247255121,0.2470209060810814,0.13621326919340648,A,48820000.0,217538888.8888889,-1.4942375690703456,0.39947581312158875,0.3361036917276351,0.26442049515077615,A,1490.318237,1796.335449,0.8296436157454019
21,2022-01-09,Udinese,Atalanta,A,-1.3027548283524377,0,0,0,-1.0,0.5,-2,14,0.6455904344106912,0.23212514901117554,0.12228441657813327,A,59244444.44444445,200088888.8888889,-1.217089701287969,0.5620761817602413,0.28087603182024135,0.15704778641951733,A,1592.327026,1793.053711,0.888053166634895
22,2022-01-16,Sassuolo,Hellas Verona,A,0.5677837829958381,0,0,0,-1.0,-2.0,3,2,0.21786324321707892,0.3053946688176389,0.47674208796528217,H,101355555.55555555,66772222.222222224,0.4173475278788022,0.2400393241388265,0.3290909996148513,0.43086967624632216,H,1665.702515,1590.4375,1.0473234660274295
22,2022-01-17,Milan,Spezia,A,1.8969771175379706,1,0,0,2.0,-1.0,23,-20,0.07171935934101901,0.16166256008581043,0.7666180805731706,H,197727777.7777778,34160000.0,1.7558358560791991,0.18763011557896028,0.3036918817716634,0.5086780026493763,H,1800.349854,1516.19458,1.187413461140324
22,2022-01-16,Roma,Cagliari,H,1.1041311373031608,0,0,2,-1.0,0.0,7,-21,0.0769808443651701,0.170362360844998,0.7526567947898319,H,194584444.44444445,71990555.55555555,0.9943312929330494,0.158462065025351,0.2820835120042745,0.5594544229703745,H,1703.979858,1531.728149,1.1124557964887278
22,2022-01-17,Bologna,Napoli,A,-1.26514533411578,0,1,0,-2.0,-0.5,-5,22,0.6342698673492386,0.23807357653772798,0.1276565561130334,A,64955555.55555555,257622222.22222224,-1.3777909815591556,0.5367731551315295,0.2921658522021727,0.17106099266629782,A,1594.373413,1783.966309,0.8937239481241795
22,2022-01-15,Sampdoria,Torino,A,-0.688684186832041,0,0,0,-2.0,0.0,-10,8,0.4157437347314044,0.32136409659387916,0.2628921686747165,A,35982222.222222224,94822222.22222222,-0.9689788040948536,0.42998562909433047,0.32931662095972924,0.2406977499459403,A,1584.572144,1613.602417,0.9820090297993151
22,2022-01-16,Venezia,Empoli,D,0.014103312360636605,1,0,1,-2.0,-2.0,-19,-8,0.3131971460444576,0.3292603620489196,0.3575424919066228,H,45782222.222222224,57477777.777777776,-0.22750254499397674,0.32750644209564034,0.3431781300002043,0.3293154279041553,D,1486.303711,1564.037842,0.950299072750952
22,2022-01-15,Juventus,Udinese,H,1.702147310538368,1,0,2,2.0,-2.0,11,-6,0.11351569277779532,0.22183974320061722,0.6646445640215874,H,248344444.44444445,51666666.666666664,1.5700038431886933,0.1591267500889418,0.2826455944502594,0.5582276554607988,H,1823.362915,1584.55835,1.1507073343181082
22,2022-01-16,Atalanta,Internazionale,D,-0.37164524428509094,1,1,1,1.5,2.0,18,35,0.40190433890703176,0.3239568654171681,0.2741387956758001,A,212788888.8888889,307138888.8888889,-0.3669995098499973,0.3168295159961595,0.34296689592506124,0.34020358807877926,D,1800.822388,1891.489014,0.9520660044393998
22,2022-01-15,Salernitana,Lazio,A,-1.568055222637031,0,0,0,-1.0,-0.5,-30,4,0.7683200929179407,0.16059290826446082,0.0710869988175985,A,10601111.111111112,205711111.1111111,-2.965513993869356,0.9302802328108956,0.05211406115107675,0.01760570603802769,A,1441.351929,1692.024414,0.8518505507805278
22,2022-01-17,Fiorentina,Genoa,H,0.7644786585653751,1,1,2,0.0,-2.0,5,-19,0.21492252681651172,0.30400744988704953,0.4810700232964388,H,170555555.55555555,28333333.333333332,1.7950221148628713,0.09339351166959815,0.20769519258535607,0.6989112957450457,H,1633.422241,1529.716187,1.0677943103964813
23,2022-01-22,Genoa,Udinese,D,0.046828134571239105,0,1,1,-2.0,-2.0,-25,-8,0.3038960982985918,0.3284855622501301,0.36761833945127803,H,31466666.666666664,65632222.222222224,-0.7351379832831183,0.4679652169210204,0.3182822805018111,0.21375250257716844,A,1517.609375,1580.984497,0.9599141407646581
23,2022-01-22,Internazionale,Venezia,H,1.8361501765496449,1,0,2,1.5,-2.0,35,-19,0.08657369102654768,0.18533783399625087,0.7280884749772014,H,364400000.0,40280000.0,2.202397097535442,0.14555608524290184,0.27046676217213994,0.5839771525849582,H,1889.598633,1487.832764,1.270034293316584
23,2022-01-23,Milan,Juventus,D,-0.1938281827921804,0,1,1,1.0,2.0,22,13,0.31934277005730094,0.3296163615574441,0.35104086838525494,H,241783333.3333333,190677777.7777778,0.2374570322447634,0.2562650575583986,0.3340566090000417,0.40967833344155963,H,1785.300293,1826.936768,0.9772096792131559
23,2022-01-21,Hellas Verona,Bologna,H,-0.2029460979509476,0,0,2,-1.0,-2.0,4,-7,0.4374952467499848,0.3164799575041826,0.24602479574583253,A,74186666.66666667,77533333.33333333,-0.04412351190943111,0.4472280724269331,0.3246402393418012,0.22813168823126573,A,1605.330444,1588.680542,1.0104803335597219
23,2022-01-23,Torino,Sassuolo,D,0.00038902937662399706,0,1,1,1.0,-2.0,9,1,0.4917974545854681,0.30043710778108645,0.20776543763344546,A,92881111.1111111,130777777.77777778,-0.34217922973871584,0.6492805330064718,0.23632773571929044,0.11439173127423774,A,1621.491699,1650.80957,0.9822403070997462
23,2022-01-23,Spezia,Sampdoria,H,-0.38914213407623394,0,1,2,0.0,-2.0,-19,-11,0.5600688783884353,0.27371737645056504,0.16621374516099963,A,25947777.777777776,36383333.333333336,-0.3380248231505275,0.5049336535233357,0.30514217482102457,0.18992417165563968,A,1531.244141,1576.682861,0.9711808118652467
23,2022-01-22,Lazio,Atalanta,D,-0.3509754272163207,1,0,1,0.5,1.0,7,18,0.39553571500402157,0.3250078364624343,0.2794564485335442,A,205155555.55555555,158000000.0,0.2611734659505942,0.18000074953679598,0.29861862064117883,0.5213806298220252,H,1697.228516,1802.712769,0.9414858235799183
23,2022-01-23,Empoli,Roma,A,-1.5065122028743638,1,1,0,-2.0,0.0,-8,8,0.6790273731170244,0.2138587482253974,0.10711387865757815,A,59088888.88888889,198466666.66666666,-1.2115782584408663,0.5293547749438882,0.29531646863057104,0.1753287564255408,A,1562.508667,1707.455566,0.9151094166745655
23,2022-01-23,Cagliari,Fiorentina,D,-0.5847791438381637,0,1,1,-1.0,1.0,-22,11,0.3823290122871707,0.3268884479330764,0.2907825397797528,A,52627777.777777776,129275555.55555555,-0.8987021407586653,0.3290858564700083,0.3431786935834651,0.3277354499465266,D,1528.252441,1645.529053,0.9287301480419381
23,2022-01-23,Napoli,Salernitana,H,2.205362772311671,0,0,2,0.5,-2.0,24,-33,0.04340475124405851,0.10826679889677249,0.848328449859169,H,257066666.66666666,9295555.555555556,3.3197990659503933,0.028887585976329632,0.08174826583409603,0.8893641481895743,H,1789.65918,1436.147827,1.246152482602336
24,2022-02-06,Udinese,Torino,H,-0.689168331116492,0,0,2,-2.0,0.5,-8,9,0.3864007009554461,0.32635255354922477,0.28724674549532914,A,49811111.11111111,83622222.22222222,-0.5180712269979432,0.26551747334408143,0.33635714262324296,0.39812538403267556,H,1579.81543,1621.679077,0.9741849989965679
24,2022-02-06,Venezia,Napoli,A,-1.7508370547228733,0,0,0,-2.0,1.5,-20,27,0.6695808974678299,0.21912113714888226,0.11129796538328784,A,42982222.222222224,292984444.4444444,-1.9193329234618712,0.505486065141424,0.30492952789122096,0.189584406967355,A,1486.80249,1792.018799,0.8296801857378283
24,2022-02-06,Bologna,Empoli,D,0.4997950329677302,0,0,1,-2.0,-2.0,-8,-10,0.19274181570020701,0.2920051438318465,0.5152530404679465,H,72977777.77777778,49538888.88888889,0.38739698555733,0.21572319985732955,0.31922019117768685,0.4650566089649836,H,1581.749756,1555.811157,1.0166720741674176
24,2022-02-06,Juventus,Hellas Verona,H,1.581151791794338,0,0,2,1.5,0.0,13,5,0.07531013955149526,0.16763819130173402,0.7570516691467708,H,324300000.0,57211111.11111111,1.734920883597396,0.06329562957490659,0.15702760157649628,0.7796767688485972,H,1826.395386,1612.26123,1.1328160424722238
24,2022-02-07,Salernitana,Spezia,D,-0.2276178317091309,0,0,1,-2.0,1.0,-36,-18,0.23143547046480906,0.31121995907509503,0.4573445704600959,H,21368888.888888888,30463333.333333332,-0.3545877006053772,0.21659756620920378,0.31962941083702046,0.46377302295377576,H,1433.788208,1539.715088,0.9312035838152416
24,2022-02-06,Sampdoria,Sassuolo,H,-0.6882951574554173,0,0,2,-2.0,-2.0,-12,1,0.5375733556244576,0.2832356478823207,0.17919099649322168,A,41483333.33333333,134050000.0,-1.172921124536477,0.6387759891711585,0.24210749681233623,0.11911651401650525,A,1568.211792,1650.622192,0.9500731297571213
24,2022-02-06,Atalanta,Cagliari,A,1.0762271790539875,0,0,0,0.5,-1.5,18,-22,0.1529915757652529,0.26280165479339807,0.5842067694413491,H,191652222.2222222,50925555.55555555,1.3253175156278945,0.23572368571369512,0.32755976544517,0.4367165488411349,H,1800.370728,1530.906372,1.1760162221076707
24,2022-02-05,Fiorentina,Lazio,A,-0.1404726079995029,0,0,0,0.5,0.0,11,7,0.38725459812269447,0.3262351466066984,0.28651025527060714,A,98055555.55555555,204144444.44444445,-0.7332935928182372,0.6293272195336392,0.2472164867374318,0.12345629372892897,A,1642.875122,1699.570679,0.9666412478748111
24,2022-02-05,Roma,Genoa,D,1.2838306520303722,0,0,1,1.0,-2.0,10,-25,0.1489681212360379,0.2592210397705573,0.5918108389934048,H,201966666.6666667,35588888.88888889,1.7360691880039407,0.1606032636462938,0.2838819019974829,0.5555148343562233,H,1714.153198,1518.778442,1.1286394055888238
24,2022-02-05,Internazionale,Milan,A,0.16608094489134126,0,0,0,2.0,0.5,36,22,0.3490860500603947,0.3297007259319964,0.3212132240076089,A,394966666.6666667,280033333.3333333,0.3438927294518929,0.3602082690306378,0.3416803172357587,0.29811141373360345,A,1890.629028,1785.841675,1.058676731799307
25,2022-02-13,Milan,Sampdoria,H,1.5078349834617366,1,0,2,1.5,-1.0,23,-8,0.10298567325308806,0.20849179274089968,0.6885225340060123,H,262866666.66666666,42200000.0,1.8292267117334509,0.11642724698127112,0.23884601072467415,0.6447267422940547,H,1797.150635,1586.885986,1.1325014215608555
25,2022-02-12,Lazio,Bologna,H,0.6278377844411396,1,0,2,1.0,-2.0,10,-8,0.295514298902813,0.3275347307951054,0.3769509703020816,H,200166666.66666666,83566666.66666667,0.8735056363557904,0.2946420425425023,0.34130674762050456,0.3640512098369932,H,1711.897095,1580.339722,1.0832462610213376
25,2022-02-13,Empoli,Cagliari,D,-0.402381065571203,0,0,1,-2.0,-0.5,-10,-21,0.3546033770117012,0.3294355414994671,0.31596108148883173,A,54406666.666666664,61425000.0,-0.12133022303425577,0.35265463418488713,0.34229807125096007,0.30504729456415286,A,1557.221191,1545.671997,1.0074719565486183
25,2022-02-13,Hellas Verona,Udinese,H,0.12099551874402976,0,0,2,-1.0,-1.0,3,-6,0.28320925070549163,0.3256841288960215,0.39110662039848687,H,74777777.77777778,57715555.55555555,0.2589940214444965,0.28733577036841484,0.3403750784542967,0.37228915117728845,H,1608.129883,1591.817505,1.0102476433063223
25,2022-02-14,Spezia,Fiorentina,A,-1.199964782928397,0,1,0,0.5,-0.5,-18,8,0.7456443126053458,0.17468105053719007,0.07967463685746412,A,31017777.77777778,120488888.88888888,-1.3569970234755593,0.692402485802735,0.21156815950336327,0.09602935469390173,A,1537.433472,1630.548706,0.9428933133629435
25,2022-02-13,Genoa,Salernitana,D,0.663103956072153,0,0,1,-2.0,-2.0,-25,-36,0.1611271587071771,0.2696688058722308,0.5692040354205921,H,36912222.222222224,20328888.888888888,0.5964997493595854,0.21664211657158022,0.31965014803645847,0.46370773539196136,H,1524.376587,1436.069946,1.0614918801455093
25,2022-02-12,Torino,Venezia,A,0.850918435028608,0,0,0,-0.5,-2.0,7,-22,0.17755198919701792,0.2820957349362932,0.540352275866689,H,82566666.66666667,50220000.0,0.49719269409776534,0.4046096680293471,0.33510254494522923,0.2602877870254236,A,1609.677002,1483.576294,1.0849977911550532
25,2022-02-13,Sassuolo,Roma,D,-0.6418794848617432,1,1,1,-2.0,0.5,-3,10,0.3715742449267231,0.32810936690968906,0.30031638816358786,A,114250000.0,194055555.55555555,-0.5297554571363532,0.28740949023009305,0.3403854780877574,0.37220503168214963,H,1631.94812,1708.555054,0.9551627360086227
25,2022-02-13,Atalanta,Juventus,D,-0.39939248218593004,1,1,1,-0.5,2.0,17,15,0.29943505279258864,0.3280099527024144,0.37255499450499696,H,199755555.55555555,345266666.6666667,-0.5472226685186019,0.3830973590197222,0.33889092372639973,0.2780117172538781,A,1785.605103,1830.526733,0.9754597246846108
25,2022-02-12,Napoli,Internazionale,D,-0.08531312182677145,0,1,1,2.0,1.0,29,35,0.3986787970051636,0.3245006130996717,0.27682058989516467,A,325038888.8888889,373672222.2222222,-0.13943416868026226,0.3766453242108389,0.3398119934739194,0.28354268231524166,A,1795.244995,1879.320068,0.9552630366526794
26,2022-02-20,Internazionale,Sassuolo,A,0.9856207708976608,1,0,0,0.5,-2.0,35,-3,0.18728133082869966,0.2886093349259393,0.524109334245361,H,340866666.6666667,130981111.11111112,0.9564382711645321,0.3420049954506246,0.3428977925388707,0.3150972120105047,D,1869.915161,1632.083984,1.1457223888792232
26,2022-02-19,Roma,Hellas Verona,D,1.2096632678575814,0,0,1,0.0,0.0,10,7,0.08471198078885878,0.18251827607546056,0.7327697431356807,H,186742222.2222222,78222222.22222222,0.8701753962500219,0.12548625328287563,0.24954223188184363,0.6249715148352807,H,1705.871094,1620.599976,1.0526170055922548
26,2022-02-21,Cagliari,Napoli,D,-1.3625593015123068,0,1,1,-1.0,1.5,-21,29,0.6067581123920556,0.25199428044639194,0.1412476071615525,A,56554444.44444445,221455555.55555555,-1.365018124576584,0.3516155696814671,0.34237073681066466,0.3060136935078682,A,1545.511353,1798.035767,0.8595554000456099
26,2022-02-20,Fiorentina,Atalanta,H,-0.4914480352158237,0,0,2,0.5,-1.0,9,17,0.5632625477225092,0.27231368390788524,0.1644237683696056,A,129766666.66666667,216188888.8888889,-0.5104145451928106,0.5221287824966969,0.2983125920724342,0.17955862543086887,A,1635.575073,1787.239014,0.9151406500126904
26,2022-02-18,Juventus,Torino,D,1.012978979421876,0,0,1,1.5,-1.5,15,6,0.20063129428300083,0.2965956008668966,0.5027731048501025,H,328655555.5555556,106411111.1111111,1.127700259545616,0.18455762436927967,0.30169551390517757,0.5137468617255427,H,1827.815186,1595.522949,1.1455900318736187
26,2022-02-20,Venezia,Genoa,D,-0.20857823848335516,0,0,1,-1.0,-2.0,-21,-25,0.4393426868152476,0.3160217539088527,0.24463555927589975,A,44017777.777777776,30136666.666666668,0.3788510006387918,0.2831277635107697,0.3397470421880911,0.3771251943011393,H,1494.251709,1519.892822,0.9831296571515751
26,2022-02-21,Bologna,Spezia,H,0.7125996064867606,0,0,2,-2.0,-0.5,-11,-19,0.11062901706998726,0.2182915692504732,0.6710794136795395,H,83438888.8888889,27575555.555555556,1.1071847823051164,0.07826974470005356,0.1837835358795073,0.7379467194204392,H,1571.819458,1529.859131,1.027427575617745
26,2022-02-19,Sampdoria,Empoli,H,0.1763375605572034,0,0,2,-2.0,-2.0,-9,-10,0.2686749102735196,0.3227611017564754,0.4085639879700051,H,34572222.222222224,52927777.777777776,-0.4258777671375615,0.46586831882465596,0.31895992516457794,0.2151717560107661,A,1582.75354,1554.83374,1.0179567752369458
26,2022-02-20,Udinese,Lazio,D,-0.9517794011361169,0,1,1,-2.0,2.0,-10,13,0.3819876217425749,0.32693156814835017,0.291080810109075,A,65335555.55555555,156967777.7777778,-0.8765041636106775,0.2758127780140872,0.33849113311110846,0.38569608887480433,H,1576.799194,1715.824341,0.9189747203848532
26,2022-02-19,Salernitana,Milan,D,-2.1245949492471015,0,0,1,-2.0,2.0,-36,24,0.746758620244052,0.17399711879198587,0.07924426096396209,A,17712222.222222224,305766666.6666667,-2.8485673615381644,0.7237921454839343,0.19258554715220588,0.08362230736385978,A,1438.005493,1798.735107,0.7994537313492264
27,2022-02-27,Hellas Verona,Venezia,H,0.2827456226561459,0,0,2,-0.5,-1.5,7,-21,0.28927704012339395,0.32666586304027523,0.3840570968363308,H,74705555.55555555,53911111.11111111,0.3262178611999838,0.43312636851429126,0.3285079969475712,0.23836563453813758,A,1621.842773,1492.485229,1.0866725790557221
27,2022-02-25,Genoa,Internazionale,D,-1.6275719380662896,0,0,1,-2.0,-0.5,-25,33,0.7375808486331709,0.17960366324822807,0.08281548811860107,A,20261111.111111112,293011111.1111111,-2.6715071902605065,0.775143601336226,0.1599896592898319,0.06486673937394216,A,1520.495117,1850.7677,0.8215483320786287
27,2022-02-27,Spezia,Roma,A,-1.7193167763933943,0,0,0,-1.5,-0.5,-20,10,0.7821121262901078,0.1518543762776764,0.06603349743221576,A,33163333.333333332,219862222.2222222,-1.8915562396085888,0.728315026520335,0.18978879735720533,0.0818961761224597,A,1521.775757,1701.042358,0.8946136760458026
27,2022-02-28,Atalanta,Sampdoria,H,1.302270684067987,1,0,2,-2.0,-1.0,16,-7,0.06025077041027518,0.1414276890370807,0.7983215405526441,H,190777777.7777778,36338888.88888889,1.658220796490254,0.055018890325032266,0.1407864038526377,0.80419470582233,H,1784.913452,1590.229736,1.1224248997441713
27,2022-02-25,Milan,Udinese,D,1.5083191277461876,0,0,1,1.5,-2.0,24,-10,0.12792359721899668,0.2383624837853883,0.633713918995615,H,324188888.8888889,63345555.55555555,1.6327215889874542,0.1889130068498466,0.3045071282596232,0.5065798648905302,H,1791.875732,1580.604248,1.133665010876271
27,2022-02-26,Empoli,Juventus,A,-1.8780007268111205,0,1,0,-2.0,1.0,-12,15,0.7307732702553585,0.18372275513803293,0.08550397460660852,A,48290000.0,302855555.5555556,-1.836031477621413,0.6288306407223379,0.24748258387755728,0.12368677540010486,A,1543.771606,1822.531372,0.8470480287567856
27,2022-02-26,Sassuolo,Fiorentina,H,-0.12252749139674615,0,0,2,-1.0,1.5,-1,10,0.22822434585387497,0.3099253915789443,0.46185026256718076,H,142094444.44444445,116577777.77777778,0.19793326758407395,0.13335340302026708,0.2581824739463814,0.6084641230333515,H,1650.067261,1644.938232,1.0031180678400087
27,2022-02-26,Salernitana,Bologna,D,-0.9402174381958914,0,0,1,-2.0,-1.0,-36,-10,0.5598430949774367,0.2738161327231333,0.16634077229943,A,18918888.888888888,83355555.55555555,-1.4829544252152345,0.6318021361261839,0.24588666793095237,0.12231119594286377,A,1443.700562,1576.316772,0.9158695686326175
27,2022-02-27,Lazio,Napoli,A,-0.6373075496746402,1,1,0,1.5,1.0,13,29,0.5503495676028429,0.2779102444458216,0.1717401879513355,A,198966666.6666667,331483333.3333333,-0.5104402253346512,0.4232336712069469,0.33098774957875887,0.24577857921429425,A,1707.013672,1776.492676,0.9608897886613071
27,2022-02-27,Torino,Cagliari,A,0.46264068181804163,0,0,0,-2.0,-1.5,6,-21,0.1815868038281649,0.28487049082920146,0.5335427053426336,H,96988888.8888889,66138888.88888889,0.382839516374332,0.32137324827829034,0.34310149832653364,0.3355252533951761,D,1600.939697,1549.476929,1.0332129940348407
