Team;Elo;Date
Sassuolo;1693,892212;2021-08-13
Juventus;1845,672729;2021-08-15
Napoli;1799,916016;2021-08-15
Roma;1735,528076;2021-08-15
Sampdoria;1639,809082;2021-08-15
Juventus;1845,672729;2021-08-16
Internazionale;1894,595825;2021-08-16
Atalanta;1833,043823;2021-08-16
Lazio;1728,802734;2021-08-16
Sampdoria;1639,809082;2021-08-16
Sassuolo;1693,892212;2021-08-19
Fiorentina;1625,121338;2021-08-19
Milan;1798,833252;2021-08-20
Juventus;1846,45874;2021-08-20
Internazionale;1895,381836;2021-08-20
Atalanta;1833,829834;2021-08-20
Napoli;1800,702026;2021-08-20
Roma;1738,524902;2021-08-20
Lazio;1729,588623;2021-08-20
Sassuolo;1694,678223;2021-08-20
Fiorentina;1625,907349;2021-08-20
Hellas Verona;1582,683838;2021-08-20
Udinese;1588,23291;2021-08-20
Torino;1583,567139;2021-08-20
Sampdoria;1640,594971;2021-08-20
Bologna;1590,986816;2021-08-20
Cagliari;1585,944824;2021-08-20
Empoli;1541,208984;2021-08-20
Genoa;1602,201416;2021-08-20
Spezia;1539,675659;2021-08-20
Venezia;1491,852783;2021-08-20
Salernitana;1482,236938;2021-08-20
Juventus;1846,45874;2021-08-22
Internazionale;1898,78833;2021-08-22
Atalanta;1837,037842;2021-08-22
Roma;1738,524902;2021-08-22
Lazio;1735,815186;2021-08-22
Sassuolo;1700,882813;2021-08-22
Fiorentina;1625,907349;2021-08-22
Hellas Verona;1576,479248;2021-08-22
Torino;1580,359009;2021-08-22
Empoli;1534,982422;2021-08-22
Genoa;1598,795044;2021-08-22
Juventus;1840,921509;2021-08-23
Internazionale;1898,78833;2021-08-23
Napoli;1802,931152;2021-08-23
Roma;1744,599365;2021-08-23
Sassuolo;1700,882813;2021-08-23
Fiorentina;1619,832764;2021-08-23
Udinese;1593,770142;2021-08-23
Bologna;1595,427612;2021-08-23
Genoa;1598,795044;2021-08-23
Venezia;1489,623779;2021-08-23
Salernitana;1477,796021;2021-08-23
Milan;1803,936646;2021-08-24
Napoli;1802,931152;2021-08-24
Udinese;1593,770142;2021-08-24
Sampdoria;1635,491699;2021-08-24
Bologna;1595,427612;2021-08-24
Cagliari;1583,396729;2021-08-24
Spezia;1542,223755;2021-08-24
Sampdoria;1635,491699;2021-08-25
Sampdoria;1635,491699;2021-08-26
Milan;1805,029419;2021-08-27
Juventus;1842,014282;2021-08-27
Internazionale;1899,881104;2021-08-27
Atalanta;1838,130737;2021-08-27
Napoli;1804,023926;2021-08-27
Roma;1748,765381;2021-08-27
Lazio;1736,907959;2021-08-27
Sassuolo;1701,975586;2021-08-27
Fiorentina;1620,925659;2021-08-27
Hellas Verona;1577,572144;2021-08-27
Udinese;1594,863037;2021-08-27
Torino;1581,451904;2021-08-27
Sampdoria;1636,584473;2021-08-27
Bologna;1596,520508;2021-08-27
Cagliari;1584,489502;2021-08-27
Empoli;1536,075317;2021-08-27
Genoa;1599,887817;2021-08-27
Spezia;1543,31665;2021-08-27
Venezia;1490,716553;2021-08-27
Salernitana;1478,888916;2021-08-27
Internazionale;1903,163696;2021-08-28
Atalanta;1838,130737;2021-08-28
Fiorentina;1620,925659;2021-08-28
Hellas Verona;1574,289551;2021-08-28
Udinese;1602,778687;2021-08-28
Bologna;1596,520508;2021-08-28
Genoa;1599,887817;2021-08-28
Venezia;1482,800781;2021-08-28
Juventus;1826,450806;2021-08-29
Atalanta;1831,350464;2021-08-29
Roma;1748,765381;2021-08-29
Lazio;1743,203247;2021-08-29
Sassuolo;1701,975586;2021-08-29
Fiorentina;1626,777344;2021-08-29
Udinese;1602,778687;2021-08-29
Torino;1575,60022;2021-08-29
Sampdoria;1636,584473;2021-08-29
Bologna;1603,300781;2021-08-29
Empoli;1551,638794;2021-08-29
Spezia;1537,021362;2021-08-29
Milan;1809,42041;2021-08-30
Napoli;1808,168091;2021-08-30
Roma;1754,699341;2021-08-30
Sassuolo;1698,956421;2021-08-30
Fiorentina;1626,777344;2021-08-30
Udinese;1602,778687;2021-08-30
Sampdoria;1639,603638;2021-08-30
Bologna;1603,300781;2021-08-30
Cagliari;1580,098633;2021-08-30
Genoa;1595,743652;2021-08-30
Salernitana;1472,954956;2021-08-30
Udinese;1602,778687;2021-09-06
Bologna;1603,300781;2021-09-06
Udinese;1602,778687;2021-09-07
Bologna;1603,300781;2021-09-07
Milan;1809,42041;2021-09-12
Juventus;1819,218262;2021-09-12
Atalanta;1817,556641;2021-09-12
Napoli;1815,400757;2021-09-12
Sassuolo;1698,956421;2021-09-12
Fiorentina;1640,571167;2021-09-12
Udinese;1602,778687;2021-09-12
Sampdoria;1639,603638;2021-09-12
Empoli;1540,648804;2021-09-12
Venezia;1493,790771;2021-09-12
Milan;1816,883667;2021-09-13
Internazionale;1897,513184;2021-09-13
Napoli;1815,400757;2021-09-13
Roma;1760,124023;2021-09-13
Lazio;1735,73999;2021-09-13
Sassuolo;1693,531738;2021-09-13
Fiorentina;1640,571167;2021-09-13
Udinese;1610,176392;2021-09-13
Torino;1584,725708;2021-09-13
Sampdoria;1645,25415;2021-09-13
Bologna;1603,300781;2021-09-13
Cagliari;1571,355347;2021-09-13
Genoa;1604,486938;2021-09-13
Spezia;1529,623657;2021-09-13
Salernitana;1463,829468;2021-09-13
Sassuolo;1693,531738;2021-09-14
Hellas Verona;1568,1073;2021-09-14
Sampdoria;1645,25415;2021-09-14
Bologna;1609,483032;2021-09-14
Genoa;1604,486938;2021-09-14
Milan;1820,181763;2021-09-15
Juventus;1829,60144;2021-09-15
Internazionale;1900,811279;2021-09-15
Atalanta;1823,015259;2021-09-15
Napoli;1818,69873;2021-09-15
Roma;1763,422119;2021-09-15
Lazio;1739,038086;2021-09-15
Sassuolo;1696,829834;2021-09-15
Fiorentina;1643,869263;2021-09-15
Hellas Verona;1571,405396;2021-09-15
Udinese;1613,474487;2021-09-15
Torino;1588,023804;2021-09-15
Sampdoria;1648,552246;2021-09-15
Bologna;1612,781128;2021-09-15
Cagliari;1574,653442;2021-09-15
Empoli;1543,946899;2021-09-15
Genoa;1607,785034;2021-09-15
Spezia;1532,921753;2021-09-15
Venezia;1497,088867;2021-09-15
Salernitana;1467,127563;2021-09-15
Milan;1812,300049;2021-09-16
Juventus;1825,147827;2021-09-16
Internazionale;1887,228027;2021-09-16
Atalanta;1818,561646;2021-09-16
Napoli;1814,245239;2021-09-16
Roma;1758,968506;2021-09-16
Lazio;1734,584473;2021-09-16
Sassuolo;1692,376221;2021-09-16
Fiorentina;1639,415649;2021-09-16
Hellas Verona;1566,951782;2021-09-16
Udinese;1609,020996;2021-09-16
Torino;1583,57019;2021-09-16
Sampdoria;1644,098633;2021-09-16
Bologna;1608,327515;2021-09-16
Cagliari;1570,199829;2021-09-16
Empoli;1539,493408;2021-09-16
Genoa;1603,331421;2021-09-16
Spezia;1528,46814;2021-09-16
Venezia;1492,635254;2021-09-16
Salernitana;1462,67395;2021-09-16
Milan;1810,55835;2021-09-17
Juventus;1823,406128;2021-09-17
Internazionale;1885,486328;2021-09-17
Atalanta;1816,819946;2021-09-17
Napoli;1814,042236;2021-09-17
Roma;1761,04834;2021-09-17
Lazio;1722,52771;2021-09-17
Sassuolo;1690,634521;2021-09-17
Fiorentina;1637,67395;2021-09-17
Hellas Verona;1565,210083;2021-09-17
Udinese;1607,279175;2021-09-17
Torino;1581,828491;2021-09-17
Sampdoria;1642,356934;2021-09-17
Bologna;1606,585815;2021-09-17
Cagliari;1568,45813;2021-09-17
Empoli;1537,751587;2021-09-17
Genoa;1601,589722;2021-09-17
Spezia;1526,72644;2021-09-17
Venezia;1490,893555;2021-09-17
Salernitana;1460,932251;2021-09-17
Roma;1761,04834;2021-09-18
Sassuolo;1678,968262;2021-09-18
Torino;1593,494629;2021-09-18
Genoa;1601,589722;2021-09-18
Internazionale;1889,587036;2021-09-19
Atalanta;1818,654297;2021-09-19
Lazio;1722,52771;2021-09-19
Sassuolo;1678,968262;2021-09-19
Fiorentina;1645,885742;2021-09-19
Udinese;1607,279175;2021-09-19
Bologna;1602,485107;2021-09-19
Genoa;1593,37793;2021-09-19
Salernitana;1459,0979;2021-09-19
Milan;1812,065918;2021-09-20
Juventus;1821,89856;2021-09-20
Internazionale;1889,587036;2021-09-20
Atalanta;1818,654297;2021-09-20
Roma;1749,073853;2021-09-20
Lazio;1717,459961;2021-09-20
Fiorentina;1645,885742;2021-09-20
Hellas Verona;1577,18457;2021-09-20
Udinese;1607,279175;2021-09-20
Sampdoria;1653,315308;2021-09-20
Cagliari;1573,525879;2021-09-20
Empoli;1526,793213;2021-09-20
Spezia;1534,901245;2021-09-20
Venezia;1482,71875;2021-09-20
Juventus;1821,89856;2021-09-21
Internazionale;1889,587036;2021-09-21
Atalanta;1818,654297;2021-09-21
Napoli;1822,13562;2021-09-21
Udinese;1599,185791;2021-09-21
Sampdoria;1653,315308;2021-09-21
Bologna;1602,485107;2021-09-21
Juventus;1821,89856;2021-09-22
Internazionale;1894,31311;2021-09-22
Atalanta;1822,397217;2021-09-22
Napoli;1822,13562;2021-09-22
Lazio;1717,459961;2021-09-22
Sassuolo;1675,225464;2021-09-22
Fiorentina;1641,159546;2021-09-22
Sampdoria;1653,315308;2021-09-22
Bologna;1601,150635;2021-09-22
Genoa;1594,712402;2021-09-22
Milan;1814,098999;2021-09-23
Juventus;1824,569702;2021-09-23
Internazionale;1894,31311;2021-09-23
Atalanta;1822,397217;2021-09-23
Napoli;1822,13562;2021-09-23
Lazio;1717,459961;2021-09-23
Sassuolo;1675,225464;2021-09-23
Fiorentina;1641,159546;2021-09-23
Hellas Verona;1574,921143;2021-09-23
Udinese;1599,185791;2021-09-23
Bologna;1601,150635;2021-09-23
Cagliari;1559,060791;2021-09-23
Empoli;1541,258423;2021-09-23
Spezia;1532,230103;2021-09-23
Venezia;1480,685791;2021-09-23
Salernitana;1461,361328;2021-09-23
Juventus;1824,569702;2021-09-24
Atalanta;1822,397217;2021-09-24
Napoli;1831,558594;2021-09-24
Roma;1752,749023;2021-09-24
Lazio;1715,001099;2021-09-24
Sassuolo;1675,225464;2021-09-24
Udinese;1595,51062;2021-09-24
Torino;1595,953613;2021-09-24
Sampdoria;1643,892334;2021-09-24
Milan;1816,804932;2021-09-26
Juventus;1824,569702;2021-09-26
Internazionale;1891,290161;2021-09-26
Atalanta;1825,420166;2021-09-26
Roma;1752,749023;2021-09-26
Lazio;1715,001099;2021-09-26
Sassuolo;1675,225464;2021-09-26
Hellas Verona;1576,527344;2021-09-26
Sampdoria;1643,892334;2021-09-26
Bologna;1601,150635;2021-09-26
Genoa;1593,106323;2021-09-26
Spezia;1529,52417;2021-09-26
Juventus;1827,762207;2021-09-27
Atalanta;1825,420166;2021-09-27
Napoli;1834,321899;2021-09-27
Roma;1744,825928;2021-09-27
Lazio;1722,924194;2021-09-27
Sassuolo;1677,904663;2021-09-27
Fiorentina;1648,964355;2021-09-27
Udinese;1587,705811;2021-09-27
Torino;1595,953613;2021-09-27
Sampdoria;1640,699829;2021-09-27
Bologna;1589,207397;2021-09-27
Cagliari;1556,297485;2021-09-27
Empoli;1553,201538;2021-09-27
Salernitana;1458,682129;2021-09-27
Torino;1593,757935;2021-09-28
Venezia;1482,881348;2021-09-28
Milan;1803,684082;2021-09-29
Juventus;1823,311768;2021-09-29
Internazionale;1882,846558;2021-09-29
Atalanta;1820,969727;2021-09-29
Napoli;1829,87146;2021-09-29
Roma;1740,375366;2021-09-29
Lazio;1718,473755;2021-09-29
Sassuolo;1673,454102;2021-09-29
Fiorentina;1644,513794;2021-09-29
Hellas Verona;1572,076782;2021-09-29
Udinese;1583,255371;2021-09-29
Torino;1589,307495;2021-09-29
Sampdoria;1636,249268;2021-09-29
Bologna;1584,756836;2021-09-29
Cagliari;1551,846924;2021-09-29
Empoli;1548,751099;2021-09-29
Genoa;1588,655762;2021-09-29
Spezia;1525,07373;2021-09-29
Venezia;1478,430908;2021-09-29
Salernitana;1454,231567;2021-09-29
Milan;1808,261353;2021-09-30
Juventus;1837,20166;2021-09-30
Internazionale;1887,423828;2021-09-30
Atalanta;1829,332153;2021-09-30
Napoli;1834,44873;2021-09-30
Roma;1744,952637;2021-09-30
Lazio;1723,051025;2021-09-30
Sassuolo;1678,031372;2021-09-30
Fiorentina;1649,091064;2021-09-30
Hellas Verona;1576,654053;2021-09-30
Udinese;1587,832642;2021-09-30
Torino;1593,884766;2021-09-30
Sampdoria;1640,82666;2021-09-30
Bologna;1589,334229;2021-09-30
Cagliari;1556,424194;2021-09-30
Empoli;1553,328369;2021-09-30
Genoa;1593,233032;2021-09-30
Spezia;1529,651001;2021-09-30
Venezia;1483,008179;2021-09-30
Salernitana;1458,80896;2021-09-30
Milan;1806,72998;2021-10-01
Juventus;1835,670288;2021-10-01
Internazionale;1885,892456;2021-10-01
Atalanta;1827,800659;2021-10-01
Napoli;1816,749512;2021-10-01
Roma;1750,770142;2021-10-01
Lazio;1725,918457;2021-10-01
Sassuolo;1676,5;2021-10-01
Fiorentina;1647,559692;2021-10-01
Hellas Verona;1575,122681;2021-10-01
Udinese;1586,301147;2021-10-01
Torino;1592,353271;2021-10-01
Sampdoria;1639,295166;2021-10-01
Bologna;1587,802734;2021-10-01
Cagliari;1554,892822;2021-10-01
Empoli;1551,796875;2021-10-01
Genoa;1591,70166;2021-10-01
Spezia;1528,119507;2021-10-01
Venezia;1481,476685;2021-10-01
Salernitana;1457,277466;2021-10-01
Torino;1592,353271;2021-10-02
Sampdoria;1639,295166;2021-10-02
Cagliari;1551,794434;2021-10-02
Genoa;1591,70166;2021-10-02
Venezia;1484,574951;2021-10-02
Juventus;1839,029907;2021-10-03
Internazionale;1889,805542;2021-10-03
Roma;1750,770142;2021-10-03
Sassuolo;1672,586792;2021-10-03
Torino;1588,993652;2021-10-03
Sampdoria;1639,295166;2021-10-03
Genoa;1581,25769;2021-10-03
Salernitana;1467,721436;2021-10-03
Milan;1816,287964;2021-10-04
Juventus;1839,029907;2021-10-04
Atalanta;1818,242676;2021-10-04
Napoli;1821,522217;2021-10-04
Roma;1754,670776;2021-10-04
Lazio;1707,975098;2021-10-04
Sassuolo;1672,586792;2021-10-04
Fiorentina;1642,786865;2021-10-04
Hellas Verona;1586,65332;2021-10-04
Udinese;1588,907471;2021-10-04
Torino;1588,993652;2021-10-04
Sampdoria;1636,688843;2021-10-04
Bologna;1605,746094;2021-10-04
Empoli;1547,896362;2021-10-04
Spezia;1516,588867;2021-10-04
Torino;1588,993652;2021-10-05
Sassuolo;1672,586792;2021-10-16
Torino;1588,993652;2021-10-16
Sampdoria;1636,688843;2021-10-16
Milan;1818,733887;2021-10-17
Internazionale;1873,5;2021-10-17
Atalanta;1818,242676;2021-10-17
Roma;1754,670776;2021-10-17
Lazio;1724,28064;2021-10-17
Sassuolo;1672,586792;2021-10-17
Fiorentina;1642,786865;2021-10-17
Hellas Verona;1584,207397;2021-10-17
Spezia;1522,359741;2021-10-17
Salernitana;1461,950439;2021-10-17
Milan;1818,733887;2021-10-18
Juventus;1843,933716;2021-10-18
Atalanta;1823,182495;2021-10-18
Napoli;1823,866333;2021-10-18
Roma;1749,766968;2021-10-18
Sassuolo;1671,141846;2021-10-18
Fiorentina;1642,786865;2021-10-18
Udinese;1588,219727;2021-10-18
Torino;1586,649536;2021-10-18
Sampdoria;1623,741089;2021-10-18
Bologna;1606,433838;2021-10-18
Cagliari;1564,74231;2021-10-18
Empoli;1542,956543;2021-10-18
Genoa;1582,702637;2021-10-18
Fiorentina;1631,631592;2021-10-19
Venezia;1495,730225;2021-10-19
Milan;1810,085327;2021-10-20
Juventus;1842,023682;2021-10-20
Internazionale;1872,834839;2021-10-20
Atalanta;1821,272461;2021-10-20
Napoli;1821,956299;2021-10-20
Roma;1747,856934;2021-10-20
Lazio;1722,370728;2021-10-20
Sassuolo;1669,231812;2021-10-20
Fiorentina;1629,721558;2021-10-20
Hellas Verona;1582,297363;2021-10-20
Udinese;1586,309692;2021-10-20
Torino;1584,739624;2021-10-20
Sampdoria;1621,831055;2021-10-20
Bologna;1604,523804;2021-10-20
Cagliari;1562,832275;2021-10-20
Empoli;1541,046509;2021-10-20
Genoa;1580,792603;2021-10-20
Spezia;1520,449707;2021-10-20
Venezia;1493,820313;2021-10-20
Salernitana;1460,040527;2021-10-20
Milan;1810,377319;2021-10-21
Juventus;1847,540405;2021-10-21
Internazionale;1873,126953;2021-10-21
Atalanta;1817,184448;2021-10-21
Napoli;1822,248413;2021-10-21
Roma;1748,149048;2021-10-21
Lazio;1722,66272;2021-10-21
Sassuolo;1669,523804;2021-10-21
Fiorentina;1630,01355;2021-10-21
Hellas Verona;1582,589355;2021-10-21
Udinese;1586,601685;2021-10-21
Torino;1585,031616;2021-10-21
Sampdoria;1622,123169;2021-10-21
Bologna;1604,815796;2021-10-21
Cagliari;1563,124268;2021-10-21
Empoli;1541,338501;2021-10-21
Genoa;1581,084717;2021-10-21
Spezia;1520,741821;2021-10-21
Venezia;1494,112305;2021-10-21
Salernitana;1460,33252;2021-10-21
Milan;1801,313721;2021-10-22
Juventus;1838,476685;2021-10-22
Internazionale;1864,063232;2021-10-22
Atalanta;1808,120728;2021-10-22
Napoli;1815,307983;2021-10-22
Roma;1714,223877;2021-10-22
Lazio;1709,902466;2021-10-22
Sassuolo;1660,460205;2021-10-22
Fiorentina;1620,949951;2021-10-22
Hellas Verona;1573,525757;2021-10-22
Udinese;1577,538086;2021-10-22
Torino;1575,967896;2021-10-22
Sampdoria;1613,059448;2021-10-22
Bologna;1595,752197;2021-10-22
Cagliari;1554,060669;2021-10-22
Empoli;1532,274902;2021-10-22
Genoa;1572,020996;2021-10-22
Spezia;1511,678101;2021-10-22
Venezia;1485,048584;2021-10-22
Salernitana;1451,268799;2021-10-22
Juventus;1838,476685;2021-10-23
Sassuolo;1660,460205;2021-10-23
Fiorentina;1620,949951;2021-10-23
Torino;1582,732544;2021-10-23
Sampdoria;1617,530762;2021-10-23
Genoa;1565,25647;2021-10-23
Spezia;1507,206787;2021-10-23
Milan;1807,092407;2021-10-24
Juventus;1838,476685;2021-10-24
Napoli;1815,307983;2021-10-24
Roma;1714,223877;2021-10-24
Lazio;1709,902466;2021-10-24
Sassuolo;1664,939087;2021-10-24
Fiorentina;1620,949951;2021-10-24
Bologna;1589,973511;2021-10-24
Empoli;1542,334106;2021-10-24
Venezia;1480,569824;2021-10-24
Salernitana;1441,209595;2021-10-24
Milan;1807,092407;2021-10-25
Juventus;1840,509399;2021-10-25
Internazionale;1862,030518;2021-10-25
Atalanta;1801,501953;2021-10-25
Napoli;1813,736572;2021-10-25
Roma;1715,795166;2021-10-25
Lazio;1692,126953;2021-10-25
Sassuolo;1664,939087;2021-10-25
Fiorentina;1630,053711;2021-10-25
Hellas Verona;1591,301147;2021-10-25
Udinese;1584,15686;2021-10-25
Cagliari;1544,956909;2021-10-25
Lazio;1692,126953;2021-10-26
Fiorentina;1630,053711;2021-10-26
Sampdoria;1617,530762;2021-10-26
Milan;1809,46936;2021-10-27
Torino;1580,355469;2021-10-27
Genoa;1564,954346;2021-10-27
Spezia;1507,508911;2021-10-27
Venezia;1470,151978;2021-10-27
Salernitana;1451,627319;2021-10-27
Juventus;1827,207397;2021-10-28
Internazionale;1865,300293;2021-10-28
Atalanta;1807,934448;2021-10-28
Roma;1720,606689;2021-10-28
Lazio;1697,376465;2021-10-28
Sassuolo;1678,241089;2021-10-28
Fiorentina;1624,804199;2021-10-28
Hellas Verona;1592,442505;2021-10-28
Udinese;1583,015625;2021-10-28
Sampdoria;1611,098267;2021-10-28
Cagliari;1540,145386;2021-10-28
Empoli;1539,064331;2021-10-28
Napoli;1817,845581;2021-10-29
Lazio;1697,376465;2021-10-29
Bologna;1585,864502;2021-10-29
Roma;1720,606689;2021-10-30
Sampdoria;1611,098267;2021-10-30
Juventus;1814,396118;2021-10-31
Atalanta;1803,759399;2021-10-31
Napoli;1817,845581;2021-10-31
Roma;1720,606689;2021-10-31
Lazio;1701,551514;2021-10-31
Fiorentina;1624,804199;2021-10-31
Hellas Verona;1605,253662;2021-10-31
Torino;1593,650757;2021-10-31
Sampdoria;1597,802979;2021-10-31
Milan;1816,263184;2021-11-01
Juventus;1814,396118;2021-11-01
Internazionale;1867,851074;2021-11-01
Napoli;1819,667114;2021-11-01
Roma;1713,812866;2021-11-01
Sassuolo;1665,863037;2021-11-01
Fiorentina;1631,996704;2021-11-01
Hellas Verona;1605,253662;2021-11-01
Udinese;1580,464844;2021-11-01
Sampdoria;1597,802979;2021-11-01
Empoli;1551,442383;2021-11-01
Genoa;1561,120117;2021-11-01
Spezia;1500,316406;2021-11-01
Venezia;1473,986206;2021-11-01
Salernitana;1449,805908;2021-11-01
Sassuolo;1665,863037;2021-11-02
Bologna;1593,848145;2021-11-02
Cagliari;1532,161621;2021-11-02
Milan;1818,029419;2021-11-03
Juventus;1820,59436;2021-11-03
Internazionale;1869,617432;2021-11-03
Atalanta;1806,244995;2021-11-03
Napoli;1821,433472;2021-11-03
Roma;1715,579224;2021-11-03
Lazio;1703,317749;2021-11-03
Sassuolo;1667,629272;2021-11-03
Fiorentina;1633,763062;2021-11-03
Hellas Verona;1607,02002;2021-11-03
Udinese;1582,231201;2021-11-03
Torino;1595,417114;2021-11-03
Sampdoria;1599,569214;2021-11-03
Bologna;1595,614502;2021-11-03
Cagliari;1533,927979;2021-11-03
Empoli;1553,20874;2021-11-03
Genoa;1562,886475;2021-11-03
Spezia;1502,082764;2021-11-03
Venezia;1475,752441;2021-11-03
Salernitana;1451,572266;2021-11-03
Milan;1816,159424;2021-11-04
Juventus;1820,822144;2021-11-04
Internazionale;1872,610962;2021-11-04
Atalanta;1806,472778;2021-11-04
Napoli;1821,661255;2021-11-04
Roma;1715,807007;2021-11-04
Lazio;1703,545532;2021-11-04
Sassuolo;1667,857056;2021-11-04
Fiorentina;1633,990845;2021-11-04
Hellas Verona;1607,247803;2021-11-04
Udinese;1582,458984;2021-11-04
Torino;1595,644897;2021-11-04
Sampdoria;1599,796997;2021-11-04
Bologna;1595,842285;2021-11-04
Cagliari;1534,155762;2021-11-04
Empoli;1553,436523;2021-11-04
Genoa;1563,114258;2021-11-04
Spezia;1502,310547;2021-11-04
Venezia;1475,980225;2021-11-04
Salernitana;1451,800049;2021-11-04
Milan;1816,269165;2021-11-05
Juventus;1820,931885;2021-11-05
Internazionale;1872,720703;2021-11-05
Atalanta;1806,58252;2021-11-05
Napoli;1825,519897;2021-11-05
Roma;1711,053833;2021-11-05
Lazio;1705,093994;2021-11-05
Sassuolo;1667,966919;2021-11-05
Fiorentina;1634,100586;2021-11-05
Hellas Verona;1607,357544;2021-11-05
Udinese;1582,568726;2021-11-05
Torino;1595,754761;2021-11-05
Sampdoria;1599,90686;2021-11-05
Bologna;1595,952026;2021-11-05
Cagliari;1534,265625;2021-11-05
Empoli;1553,546265;2021-11-05
Genoa;1563,224121;2021-11-05
Spezia;1502,42041;2021-11-05
Venezia;1476,090088;2021-11-05
Salernitana;1451,90979;2021-11-05
Empoli;1552,575195;2021-11-06
Genoa;1564,19519;2021-11-06
Juventus;1823,978516;2021-11-07
Atalanta;1809,475708;2021-11-07
Fiorentina;1631,053955;2021-11-07
Hellas Verona;1607,357544;2021-11-07
Torino;1586,503662;2021-11-07
Cagliari;1531,372437;2021-11-07
Spezia;1511,671387;2021-11-07
Milan;1816,663818;2021-11-08
Internazionale;1872,32605;2021-11-08
Napoli;1819,162964;2021-11-08
Roma;1698,273071;2021-11-08
Lazio;1708,744507;2021-11-08
Sassuolo;1658,830078;2021-11-08
Fiorentina;1631,053955;2021-11-08
Hellas Verona;1613,714478;2021-11-08
Udinese;1591,705566;2021-11-08
Sampdoria;1590,763062;2021-11-08
Bologna;1605,095825;2021-11-08
Venezia;1488,87085;2021-11-08
Salernitana;1448,259155;2021-11-08
Sassuolo;1658,830078;2021-11-20
Hellas Verona;1613,714478;2021-11-20
Milan;1805,116089;2021-11-21
Juventus;1832,677246;2021-11-21
Internazionale;1872,32605;2021-11-21
Atalanta;1812,205078;2021-11-21
Lazio;1700,045776;2021-11-21
Fiorentina;1642,601807;2021-11-21
Hellas Verona;1613,714478;2021-11-21
Spezia;1508,942139;2021-11-21
Internazionale;1877,807129;2021-11-22
Napoli;1813,681885;2021-11-22
Roma;1706,115234;2021-11-22
Lazio;1700,045776;2021-11-22
Sassuolo;1654,244751;2021-11-22
Fiorentina;1642,601807;2021-11-22
Sampdoria;1598,556885;2021-11-22
Bologna;1593,123901;2021-11-22
Cagliari;1535,957642;2021-11-22
Genoa;1556,352905;2021-11-22
Venezia;1500,842773;2021-11-22
Salernitana;1440,465454;2021-11-22
Fiorentina;1642,601807;2021-11-23
Hellas Verona;1619,045166;2021-11-23
Udinese;1584,616333;2021-11-23
Torino;1593,592896;2021-11-23
Empoli;1547,244507;2021-11-23
Milan;1801,739258;2021-11-24
Juventus;1821,69165;2021-11-24
Internazionale;1874,430298;2021-11-24
Atalanta;1806,492065;2021-11-24
Napoli;1810,305054;2021-11-24
Roma;1702,738403;2021-11-24
Lazio;1696,668945;2021-11-24
Sassuolo;1650,86792;2021-11-24
Fiorentina;1639,224976;2021-11-24
Hellas Verona;1615,668335;2021-11-24
Udinese;1581,239502;2021-11-24
Torino;1590,216064;2021-11-24
Sampdoria;1595,180054;2021-11-24
Bologna;1589,74707;2021-11-24
Cagliari;1532,580811;2021-11-24
Empoli;1543,867676;2021-11-24
Genoa;1552,976074;2021-11-24
Spezia;1505,565308;2021-11-24
Venezia;1497,465942;2021-11-24
Salernitana;1437,088623;2021-11-24
Milan;1813,489868;2021-11-25
Juventus;1822,08252;2021-11-25
Internazionale;1878,346924;2021-11-25
Atalanta;1806,883057;2021-11-25
Napoli;1796,971313;2021-11-25
Roma;1703,129395;2021-11-25
Lazio;1697,059937;2021-11-25
Sassuolo;1651,258789;2021-11-25
Fiorentina;1639,615845;2021-11-25
Hellas Verona;1616,059326;2021-11-25
Udinese;1581,630493;2021-11-25
Torino;1590,607056;2021-11-25
Sampdoria;1595,570923;2021-11-25
Bologna;1590,138062;2021-11-25
Cagliari;1532,971802;2021-11-25
Empoli;1544,258545;2021-11-25
Genoa;1553,367065;2021-11-25
Spezia;1505,956177;2021-11-25
Venezia;1497,856812;2021-11-25
Salernitana;1437,479492;2021-11-25
Milan;1818,684326;2021-11-26
Juventus;1827,276978;2021-11-26
Internazionale;1883,541382;2021-11-26
Atalanta;1812,077515;2021-11-26
Napoli;1802,165771;2021-11-26
Roma;1713,501221;2021-11-26
Lazio;1712,578613;2021-11-26
Sassuolo;1656,453247;2021-11-26
Fiorentina;1644,810303;2021-11-26
Hellas Verona;1621,253784;2021-11-26
Udinese;1586,824951;2021-11-26
Torino;1595,801514;2021-11-26
Sampdoria;1600,765381;2021-11-26
Bologna;1595,33252;2021-11-26
Cagliari;1538,16626;2021-11-26
Empoli;1549,453003;2021-11-26
Genoa;1558,561523;2021-11-26
Spezia;1511,150635;2021-11-26
Venezia;1503,05127;2021-11-26
Salernitana;1442,67395;2021-11-26
Hellas Verona;1621,253784;2021-11-27
Cagliari;1534,36377;2021-11-27
Salernitana;1446,476563;2021-11-27
Milan;1818,684326;2021-11-28
Juventus;1817,797119;2021-11-28
Internazionale;1885,900513;2021-11-28
Atalanta;1821,557373;2021-11-28
Sassuolo;1656,453247;2021-11-28
Fiorentina;1635,479858;2021-11-28
Hellas Verona;1610,815674;2021-11-28
Torino;1595,801514;2021-11-28
Sampdoria;1611,203613;2021-11-28
Empoli;1558,783569;2021-11-28
Venezia;1500,692261;2021-11-28
Milan;1800,491699;2021-11-29
Juventus;1817,797119;2021-11-29
Napoli;1811,633301;2021-11-29
Roma;1717,614136;2021-11-29
Lazio;1703,111206;2021-11-29
Sassuolo;1674,645996;2021-11-29
Fiorentina;1635,479858;2021-11-29
Hellas Verona;1610,815674;2021-11-29
Udinese;1584,811279;2021-11-29
Torino;1591,688599;2021-11-29
Sampdoria;1611,203613;2021-11-29
Bologna;1602,201904;2021-11-29
Genoa;1560,575195;2021-11-29
Spezia;1504,281372;2021-11-29
Bologna;1602,201904;2021-11-30
Juventus;1820,309204;2021-12-01
Atalanta;1824,445801;2021-12-01
Fiorentina;1644,368652;2021-12-01
Hellas Verona;1607,526245;2021-12-01
Sampdoria;1602,314819;2021-12-01
Cagliari;1537,653076;2021-12-01
Venezia;1497,803711;2021-12-01
Salernitana;1443,964478;2021-12-01
Milan;1806,515991;2021-12-02
Internazionale;1887,307861;2021-12-02
Napoli;1808,964966;2021-12-02
Roma;1707,842407;2021-12-02
Lazio;1703,111206;2021-12-02
Sassuolo;1677,314209;2021-12-02
Hellas Verona;1607,526245;2021-12-02
Sampdoria;1602,314819;2021-12-02
Bologna;1611,973511;2021-12-02
Genoa;1554,550781;2021-12-02
Spezia;1502,873901;2021-12-02
Internazionale;1887,307861;2021-12-03
Lazio;1698,80542;2021-12-03
Fiorentina;1644,368652;2021-12-03
Udinese;1589,117065;2021-12-03
Torino;1589,572754;2021-12-03
Empoli;1560,899292;2021-12-03
Atalanta;1824,445801;2021-12-04
Fiorentina;1644,368652;2021-12-04
Hellas Verona;1607,526245;2021-12-04
Milan;1808,14502;2021-12-05
Internazionale;1895,234619;2021-12-05
Atalanta;1832,983154;2021-12-05
Napoli;1800,427612;2021-12-05
Roma;1699,915771;2021-12-05
Lazio;1698,80542;2021-12-05
Fiorentina;1644,368652;2021-12-05
Hellas Verona;1607,526245;2021-12-05
Bologna;1611,973511;2021-12-05
Salernitana;1442,335449;2021-12-05
Juventus;1823,17749;2021-12-06
Roma;1699,915771;2021-12-06
Lazio;1707,888184;2021-12-06
Sassuolo;1673,618652;2021-12-06
Fiorentina;1652,65332;2021-12-06
Hellas Verona;1613,800903;2021-12-06
Sampdoria;1593,232056;2021-12-06
Bologna;1603,688843;2021-12-06
Genoa;1551,682495;2021-12-06
Spezia;1506,56958;2021-12-06
Venezia;1491,529175;2021-12-06
Udinese;1577,944336;2021-12-07
Torino;1589,123779;2021-12-07
Bologna;1603,688843;2021-12-07
Cagliari;1538,102051;2021-12-07
Empoli;1572,072021;2021-12-07
Milan;1799,361694;2021-12-08
Juventus;1819,13916;2021-12-08
Internazionale;1883,894165;2021-12-08
Atalanta;1828,944824;2021-12-08
Napoli;1796,389282;2021-12-08
Roma;1695,877441;2021-12-08
Lazio;1703,849854;2021-12-08
Sassuolo;1669,580322;2021-12-08
Fiorentina;1648,61499;2021-12-08
Hellas Verona;1609,762573;2021-12-08
Udinese;1573,906006;2021-12-08
Torino;1585,085449;2021-12-08
Sampdoria;1589,193726;2021-12-08
Bologna;1599,650513;2021-12-08
Cagliari;1534,063721;2021-12-08
Empoli;1568,033691;2021-12-08
Genoa;1547,644165;2021-12-08
Spezia;1502,53125;2021-12-08
Venezia;1487,490845;2021-12-08
Salernitana;1438,297119;2021-12-08
Milan;1799,918579;2021-12-09
Juventus;1821,361206;2021-12-09
Internazionale;1884,45105;2021-12-09
Atalanta;1829,501709;2021-12-09
Napoli;1796,946167;2021-12-09
Roma;1696,434326;2021-12-09
Lazio;1704,406738;2021-12-09
Sassuolo;1670,137207;2021-12-09
Fiorentina;1649,171875;2021-12-09
Hellas Verona;1610,319458;2021-12-09
Udinese;1574,462891;2021-12-09
Torino;1585,642334;2021-12-09
Sampdoria;1589,75061;2021-12-09
Bologna;1600,207397;2021-12-09
Cagliari;1534,620605;2021-12-09
Empoli;1568,590576;2021-12-09
Genoa;1548,20105;2021-12-09
Spezia;1503,088135;2021-12-09
Venezia;1488,047729;2021-12-09
Salernitana;1438,854004;2021-12-09
Milan;1797,220337;2021-12-10
Juventus;1818,662964;2021-12-10
Internazionale;1881,752808;2021-12-10
Atalanta;1815,216064;2021-12-10
Napoli;1799,426025;2021-12-10
Roma;1697,561279;2021-12-10
Lazio;1696,13916;2021-12-10
Sassuolo;1667,438965;2021-12-10
Fiorentina;1646,473633;2021-12-10
Hellas Verona;1607,621216;2021-12-10
Udinese;1571,764771;2021-12-10
Torino;1582,944092;2021-12-10
Sampdoria;1587,052368;2021-12-10
Bologna;1597,509155;2021-12-10
Cagliari;1531,922485;2021-12-10
Empoli;1565,892334;2021-12-10
Genoa;1545,50293;2021-12-10
Spezia;1500,389893;2021-12-10
Venezia;1485,349487;2021-12-10
Salernitana;1436,155762;2021-12-10
Hellas Verona;1607,621216;2021-12-11
Sampdoria;1598,110352;2021-12-11
Bologna;1597,509155;2021-12-11
Genoa;1534,444946;2021-12-11
Milan;1792,253418;2021-12-12
Juventus;1811,724487;2021-12-12
Atalanta;1815,216064;2021-12-12
Roma;1697,561279;2021-12-12
Lazio;1696,13916;2021-12-12
Fiorentina;1652,059204;2021-12-12
Hellas Verona;1607,621216;2021-12-12
Udinese;1576,731689;2021-12-12
Sampdoria;1598,110352;2021-12-12
Venezia;1492,287964;2021-12-12
Salernitana;1430,570313;2021-12-12
Milan;1792,253418;2021-12-13
Internazionale;1884,278442;2021-12-13
Atalanta;1819,111816;2021-12-13
Napoli;1785,21106;2021-12-13
Lazio;1688,450195;2021-12-13
Sassuolo;1675,12793;2021-12-13
Hellas Verona;1603,725464;2021-12-13
Torino;1590,2771;2021-12-13
Bologna;1590,176147;2021-12-13
Cagliari;1529,396851;2021-12-13
Empoli;1580,1073;2021-12-13
Roma;1701,61792;2021-12-14
Fiorentina;1652,059204;2021-12-14
Spezia;1496,33313;2021-12-14
Sampdoria;1598,110352;2021-12-15
Juventus;1811,724487;2021-12-16
Atalanta;1819,111816;2021-12-16
Lazio;1688,450195;2021-12-16
Hellas Verona;1603,725464;2021-12-16
Internazionale;1886,570435;2021-12-18
Lazio;1693,518066;2021-12-18
Fiorentina;1652,059204;2021-12-18
Hellas Verona;1603,725464;2021-12-18
Genoa;1529,377075;2021-12-18
Salernitana;1428,278442;2021-12-18
Juventus;1817,008423;2021-12-19
Atalanta;1798,99231;2021-12-19
Napoli;1785,21106;2021-12-19
Roma;1721,737427;2021-12-19
Fiorentina;1652,059204;2021-12-19
Hellas Verona;1603,725464;2021-12-19
Udinese;1592,327026;2021-12-19
Sampdoria;1598,110352;2021-12-19
Bologna;1584,892212;2021-12-19
Cagliari;1513,801392;2021-12-19
Milan;1783,217041;2021-12-20
Internazionale;1886,570435;2021-12-20
Napoli;1794,247437;2021-12-20
Sassuolo;1675,42334;2021-12-20
Fiorentina;1651,763794;2021-12-20
Hellas Verona;1596,240356;2021-12-20
Torino;1597,762207;2021-12-20
Sampdoria;1594,306274;2021-12-20
Empoli;1578,665649;2021-12-20
Spezia;1497,77478;2021-12-20
Venezia;1496,092041;2021-12-20
Juventus;1819,477661;2021-12-22
Atalanta;1793,053711;2021-12-22
Hellas Verona;1596,240356;2021-12-22
Torino;1597,762207;2021-12-22
Cagliari;1511,332153;2021-12-22
Genoa;1535,315674;2021-12-22
Milan;1788,753662;2021-12-23
Internazionale;1888,416748;2021-12-23
Atalanta;1793,053711;2021-12-23
Napoli;1778,887695;2021-12-23
Roma;1717,428467;2021-12-23
Lazio;1699,29187;2021-12-23
Sassuolo;1656,49231;2021-12-23
Fiorentina;1651,108887;2021-12-23
Hellas Verona;1596,895386;2021-12-23
Torino;1595,915771;2021-12-23
Sampdoria;1598,615234;2021-12-23
Bologna;1603,823364;2021-12-23
Empoli;1573,129028;2021-12-23
Spezia;1513,134521;2021-12-23
Venezia;1490,318237;2021-12-23
Milan;1788,753662;2021-12-27
Atalanta;1793,053711;2021-12-27
Lazio;1699,29187;2021-12-27
Hellas Verona;1596,895386;2021-12-27
Torino;1595,915771;2021-12-27
Sampdoria;1598,615234;2021-12-27
Bologna;1603,823364;2021-12-27
Hellas Verona;1596,895386;2021-12-28
Torino;1595,915771;2021-12-28
Sampdoria;1598,615234;2021-12-28
Bologna;1603,823364;2021-12-28
Roma;1717,428467;2021-12-29
Sassuolo;1656,49231;2021-12-29
Fiorentina;1651,108887;2021-12-29
Hellas Verona;1596,895386;2021-12-29
Torino;1595,915771;2021-12-29
Sampdoria;1598,615234;2021-12-29
Roma;1717,428467;2022-01-01
Sassuolo;1656,49231;2022-01-01
Roma;1717,428467;2022-01-02
Lazio;1699,29187;2022-01-03
Sassuolo;1656,49231;2022-01-03
Hellas Verona;1596,895386;2022-01-03
Torino;1595,915771;2022-01-03
Lazio;1699,29187;2022-01-04
Sassuolo;1656,49231;2022-01-04
Fiorentina;1651,108887;2022-01-04
Milan;1796,335449;2022-01-07
Juventus;1817,496094;2022-01-07
Atalanta;1793,053711;2022-01-07
Napoli;1780,869263;2022-01-07
Roma;1709,846802;2022-01-07
Lazio;1695,09668;2022-01-07
Sassuolo;1652,416016;2022-01-07
Hellas Verona;1603,511108;2022-01-07
Torino;1595,915771;2022-01-07
Sampdoria;1587,669189;2022-01-07
Cagliari;1522,278198;2022-01-07
Empoli;1577,324341;2022-01-07
Genoa;1539,391968;2022-01-07
Spezia;1506,518799;2022-01-07
Lazio;1695,09668;2022-01-08
Lazio;1695,09668;2022-01-09
Hellas Verona;1603,511108;2022-01-09
Torino;1595,915771;2022-01-09
Bologna;1603,823364;2022-01-09
Milan;1800,349854;2022-01-10
Juventus;1823,362915;2022-01-10
Internazionale;1891,489014;2022-01-10
Atalanta;1800,822388;2022-01-10
Napoli;1783,966309;2022-01-10
Roma;1703,979858;2022-01-10
Lazio;1692,024414;2022-01-10
Sassuolo;1665,702515;2022-01-10
Fiorentina;1651,108887;2022-01-10
Hellas Verona;1590,4375;2022-01-10
Udinese;1584,55835;2022-01-10
Torino;1595,915771;2022-01-10
Sampdoria;1584,572144;2022-01-10
Empoli;1564,037842;2022-01-10
Genoa;1529,716187;2022-01-10
Spezia;1516,19458;2022-01-10
Venezia;1486,303711;2022-01-10
Salernitana;1441,351929;2022-01-10
Fiorentina;1633,422241;2022-01-11
Torino;1613,602417;2022-01-11
Bologna;1603,823364;2022-01-11
Roma;1703,979858;2022-01-12
Bologna;1594,373413;2022-01-12
Cagliari;1531,728149;2022-01-12
Bologna;1594,373413;2022-01-13
Juventus;1823,362915;2022-01-15
Juventus;1826,936768;2022-01-16
Roma;1703,979858;2022-01-16
Lazio;1697,228516;2022-01-16
Fiorentina;1633,422241;2022-01-16
Udinese;1580,984497;2022-01-16
Torino;1621,491699;2022-01-16
Sampdoria;1576,682861;2022-01-16
Bologna;1594,373413;2022-01-16
Salernitana;1436,147827;2022-01-16
Internazionale;1889,598633;2022-01-17
Atalanta;1802,712769;2022-01-17
Roma;1707,455566;2022-01-17
Lazio;1697,228516;2022-01-17
Sassuolo;1650,80957;2022-01-17
Hellas Verona;1605,330444;2022-01-17
Cagliari;1528,252441;2022-01-17
Empoli;1562,508667;2022-01-17
Venezia;1487,832764;2022-01-17
Milan;1785,300293;2022-01-18
Napoli;1789,65918;2022-01-18
Fiorentina;1645,529053;2022-01-18
Bologna;1588,680542;2022-01-18
Genoa;1517,609375;2022-01-18
Spezia;1531,244141;2022-01-18
Sassuolo;1650,80957;2022-01-19
Atalanta;1802,712769;2022-01-20
Roma;1707,455566;2022-01-20
Sassuolo;1650,80957;2022-01-20
Sassuolo;1650,80957;2022-01-21
Fiorentina;1645,529053;2022-01-21
Fiorentina;1645,529053;2022-01-22
Hellas Verona;1612,26123;2022-01-22
Torino;1621,491699;2022-01-22
Bologna;1581,749756;2022-01-22
Juventus;1826,936768;2022-01-23
Internazionale;1890,629028;2022-01-23
Atalanta;1800,370728;2022-01-23
Napoli;1789,65918;2022-01-23
Roma;1707,455566;2022-01-23
Lazio;1699,570679;2022-01-23
Hellas Verona;1612,26123;2022-01-23
Udinese;1579,81543;2022-01-23
Torino;1621,491699;2022-01-23
Genoa;1518,778442;2022-01-23
Venezia;1486,80249;2022-01-23
Milan;1785,841675;2022-01-24
Juventus;1826,395386;2022-01-24
Napoli;1792,018799;2022-01-24
Roma;1714,153198;2022-01-24
Lazio;1699,570679;2022-01-24
Sassuolo;1650,622192;2022-01-24
Fiorentina;1642,875122;2022-01-24
Hellas Verona;1612,26123;2022-01-24
Torino;1621,679077;2022-01-24
Sampdoria;1568,211792;2022-01-24
Cagliari;1530,906372;2022-01-24
Empoli;1555,811157;2022-01-24
Spezia;1539,715088;2022-01-24
Salernitana;1433,788208;2022-01-24
Hellas Verona;1612,26123;2022-01-25
Sassuolo;1650,622192;2022-01-30
Torino;1621,679077;2022-01-30
Fiorentina;1642,875122;2022-02-03
Lazio;1699,570679;2022-02-05
Hellas Verona;1612,26123;2022-02-05
Milan;1797,150635;2022-02-06
Internazionale;1879,320068;2022-02-06
Napoli;1792,018799;2022-02-06
Roma;1708,555054;2022-02-06
Lazio;1711,897095;2022-02-06
Sassuolo;1650,622192;2022-02-06
Fiorentina;1630,548706;2022-02-06
Torino;1621,679077;2022-02-06
Genoa;1524,376587;2022-02-06
Juventus;1830,526733;2022-02-07
Atalanta;1785,605103;2022-02-07
Napoli;1795,244995;2022-02-07
Sassuolo;1631,94812;2022-02-07
Hellas Verona;1608,129883;2022-02-07
Udinese;1591,817505;2022-02-07
Torino;1609,677002;2022-02-07
Sampdoria;1586,885986;2022-02-07
Bologna;1580,339722;2022-02-07
Cagliari;1545,671997;2022-02-07
Empoli;1557,221191;2022-02-07
Venezia;1483,576294;2022-02-07
Spezia;1537,433472;2022-02-08
Salernitana;1436,069946;2022-02-08
Milan;1797,150635;2022-02-10
Napoli;1795,244995;2022-02-10
Internazionale;1877,647217;2022-02-13
Napoli;1796,917725;2022-02-13
Roma;1708,555054;2022-02-13
Lazio;1719,143188;2022-02-13
Sassuolo;1631,94812;2022-02-13
Fiorentina;1630,548706;2022-02-13
Hellas Verona;1608,129883;2022-02-13
Torino;1597,727539;2022-02-13
Bologna;1573,093506;2022-02-13
Venezia;1495,525635;2022-02-13
Milan;1800,009155;2022-02-14
Juventus;1830,019775;2022-02-14
Atalanta;1786,112061;2022-02-14
Roma;1707,145142;2022-02-14
Sassuolo;1633,358032;2022-02-14
Fiorentina;1630,548706;2022-02-14
Hellas Verona;1621,874023;2022-02-14
Udinese;1578,073242;2022-02-14
Sampdoria;1584,027588;2022-02-14
Cagliari;1546,7854;2022-02-14
Empoli;1556,107788;2022-02-14
Genoa;1521,16687;2022-02-14
Salernitana;1439,279541;2022-02-14
Lazio;1719,143188;2022-02-15
Sassuolo;1633,358032;2022-02-15
Fiorentina;1636,849121;2022-02-15
Spezia;1531,133057;2022-02-15
Fiorentina;1636,849121;2022-02-16
Hellas Verona;1621,874023;2022-02-16
Milan;1797,804565;2022-02-17
Juventus;1827,815186;2022-02-17
Internazionale;1868,984619;2022-02-17
Atalanta;1783,907471;2022-02-17
Napoli;1794,713135;2022-02-17
Roma;1704,940552;2022-02-17
Lazio;1716,938721;2022-02-17
Sassuolo;1631,153442;2022-02-17
Fiorentina;1634,644531;2022-02-17
Hellas Verona;1619,669434;2022-02-17
Udinese;1575,868652;2022-02-17
Torino;1595,522949;2022-02-17
Sampdoria;1581,822998;2022-02-17
Bologna;1570,888916;2022-02-17
Cagliari;1544,580811;2022-02-17
Empoli;1553,903198;2022-02-17
Genoa;1518,96228;2022-02-17
Spezia;1528,928589;2022-02-17
Venezia;1493,321167;2022-02-17
Salernitana;1437,074951;2022-02-17
Milan;1798,735107;2022-02-18
Juventus;1828,745728;2022-02-18
Internazionale;1869,915161;2022-02-18
Atalanta;1787,239014;2022-02-18
Napoli;1798,035767;2022-02-18
Roma;1705,871094;2022-02-18
Lazio;1715,824341;2022-02-18
Sassuolo;1632,083984;2022-02-18
Fiorentina;1635,575073;2022-02-18
Hellas Verona;1620,599976;2022-02-18
Udinese;1576,799194;2022-02-18
Torino;1596,453491;2022-02-18
Sampdoria;1582,75354;2022-02-18
Bologna;1571,819458;2022-02-18
Cagliari;1545,511353;2022-02-18
Empoli;1554,83374;2022-02-18
Genoa;1519,892822;2022-02-18
Spezia;1529,859131;2022-02-18
Venezia;1494,251709;2022-02-18
Salernitana;1438,005493;2022-02-18
Juventus;1822,466553;2022-02-19
Torino;1602,732666;2022-02-19
Milan;1791,246948;2022-02-20
Juventus;1822,466553;2022-02-20
Atalanta;1787,239014;2022-02-20
Napoli;1798,035767;2022-02-20
Roma;1702,835327;2022-02-20
Sassuolo;1632,083984;2022-02-20
Fiorentina;1635,575073;2022-02-20
Hellas Verona;1623,635742;2022-02-20
Sampdoria;1592,022705;2022-02-20
Empoli;1545,564575;2022-02-20
Salernitana;1445,493652;2022-02-20
Internazionale;1850,138916;2022-02-21
Atalanta;1776,082886;2022-02-21
Roma;1702,835327;2022-02-21
Lazio;1712,648071;2022-02-21
Sassuolo;1651,860229;2022-02-21
Fiorentina;1646,731201;2022-02-21
Udinese;1579,975464;2022-02-21
Torino;1602,732666;2022-02-21
Genoa;1519,866333;2022-02-21
Venezia;1494,278198;2022-02-21
Napoli;1792,2771;2022-02-22
Bologna;1578,109741;2022-02-22
Cagliari;1551,27002;2022-02-22
Spezia;1523,568848;2022-02-22
Milan;1791,875732;2022-02-23
Juventus;1824,953125;2022-02-23
Internazionale;1850,7677;2022-02-23
Atalanta;1776,71167;2022-02-23
Napoli;1792,905884;2022-02-23
Roma;1703,464111;2022-02-23
Lazio;1713,276855;2022-02-23
Sassuolo;1652,489014;2022-02-23
Fiorentina;1647,359985;2022-02-23
Hellas Verona;1624,264526;2022-02-23
Udinese;1580,604248;2022-02-23
Torino;1603,36145;2022-02-23
Sampdoria;1592,651489;2022-02-23
Bologna;1578,738525;2022-02-23
Cagliari;1551,898804;2022-02-23
Empoli;1546,193359;2022-02-23
Genoa;1520,495117;2022-02-23
Spezia;1524,197632;2022-02-23
Venezia;1494,906982;2022-02-23
Salernitana;1446,122437;2022-02-23
Milan;1791,875732;2022-02-24
Napoli;1792,905884;2022-02-24
Roma;1703,464111;2022-02-24
Lazio;1713,276855;2022-02-24
Hellas Verona;1624,264526;2022-02-24
Milan;1789,453979;2022-02-25
Juventus;1822,531372;2022-02-25
Internazionale;1848,345947;2022-02-25
Atalanta;1784,913452;2022-02-25
Napoli;1776,492676;2022-02-25
Roma;1701,042358;2022-02-25
Lazio;1707,013672;2022-02-25
Sassuolo;1650,067261;2022-02-25
Fiorentina;1644,938232;2022-02-25
Hellas Verona;1621,842773;2022-02-25
Udinese;1578,182495;2022-02-25
Torino;1600,939697;2022-02-25
Sampdoria;1590,229736;2022-02-25
Bologna;1576,316772;2022-02-25
Cagliari;1549,476929;2022-02-25
Empoli;1543,771606;2022-02-25
Genoa;1518,073364;2022-02-25
Spezia;1521,775757;2022-02-25
Venezia;1492,485229;2022-02-25
Salernitana;1443,700562;2022-02-25
Milan;1783,516113;2022-02-26
Internazionale;1841,305908;2022-02-26
Atalanta;1784,913452;2022-02-26
Roma;1701,042358;2022-02-26
Lazio;1707,013672;2022-02-26
Fiorentina;1644,938232;2022-02-26
Hellas Verona;1621,842773;2022-02-26
Udinese;1584,120361;2022-02-26
Torino;1600,939697;2022-02-26
Genoa;1525,113403;2022-02-26
Juventus;1825,177368;2022-02-27
Roma;1701,042358;2022-02-27
Sassuolo;1657,124878;2022-02-27
Fiorentina;1637,880493;2022-02-27
Bologna;1573,348267;2022-02-27
Empoli;1541,12561;2022-02-27
Salernitana;1446,669067;2022-02-27
Juventus;1825,177368;2022-02-28
Napoli;1783,389038;2022-02-28
Roma;1705,299561;2022-02-28
Lazio;1700,117432;2022-02-28
Sassuolo;1657,124878;2022-02-28
Hellas Verona;1627,910522;2022-02-28
Torino;1590,826172;2022-02-28
Cagliari;1559,590576;2022-02-28
Spezia;1517,518555;2022-02-28
Venezia;1486,417358;2022-02-28
Atalanta;1790,957764;2022-03-01
Hellas Verona;1627,910522;2022-03-01
Sampdoria;1584,185425;2022-03-01
Roma;1705,299561;2022-03-02
Internazionale;1843,587891;2022-03-05
Salernitana;1444,387085;2022-03-05
Milan;1783,516113;2022-03-06
Atalanta;1781,795898;2022-03-06
Napoli;1783,389038;2022-03-06
Roma;1714,461426;2022-03-06
Lazio;1709,229248;2022-03-06
Sassuolo;1657,124878;2022-03-06
Fiorentina;1637,880493;2022-03-06
Hellas Verona;1627,910522;2022-03-06
Udinese;1591,286621;2022-03-06
Sampdoria;1577,019043;2022-03-06
Cagliari;1550,478638;2022-03-06
Milan;1792,375488;2022-03-07
Juventus;1826,886841;2022-03-07
Internazionale;1843,587891;2022-03-07
Atalanta;1781,795898;2022-03-07
Napoli;1774,529663;2022-03-07
Roma;1714,461426;2022-03-07
Lazio;1709,229248;2022-03-07
Sassuolo;1665,034668;2022-03-07
Fiorentina;1636,714233;2022-03-07
Hellas Verona;1629,076904;2022-03-07
Torino;1591,207642;2022-03-07
Bologna;1572,966797;2022-03-07
Empoli;1541,549194;2022-03-07
Genoa;1524,689819;2022-03-07
Spezia;1515,809082;2022-03-07
Venezia;1478,50769;2022-03-07