Matchweek,Match_Date,Home_Team,Away_Team,Win,log_ratio_Value,Cup_Home,Cup_Away,Winvalue,Home_Performance,Away_Performance,Home_Diff_Goals,Away_Diff_Goals,Aprob_TMValue_Costant,Dprob_TMValue_Costant,Hprob_TMValue_Costant,TMValue_Costant_pred,ln_TM_Home,ln_TM_Away,log_ratio_ln_TM
1,2021-08-21,Internazionale,Genoa,H,1.6275719380662899,0,0,2,0.0,0.0,0,0,0.05036633571519765,0.1224936018607903,0.8271400624240121,H,327644444.4444445,32761111.111111112,2.302686834469046
1,2021-08-23,Cagliari,Spezia,D,0.6151856390902335,0,0,1,0.0,0.0,0,0,0.16966957559536494,0.2763639743478965,0.5539664500567385,H,87061111.1111111,33775555.55555555,0.94687296620091
1,2021-08-21,Empoli,Lazio,A,-1.1276328174088697,0,0,0,0.0,0.0,0,0,0.6756719200670367,0.21573689694684373,0.10859118298611958,A,45400000.0,164918888.8888889,-1.2899416654954108
1,2021-08-22,Napoli,Venezia,H,1.7508370547228733,0,0,2,0.0,0.0,0,0,0.04306697328960603,0.1075569258111614,0.8493761008992325,H,258300000.0,14360000.0,2.8896751364817166
1,2021-08-22,Udinese,Juventus,D,-1.702147310538368,0,0,1,0.0,0.0,0,0,0.8174799641688135,0.12889522972659118,0.0536248061045953,A,55518888.88888889,220016666.66666666,-1.376979997868566
1,2021-08-21,Hellas Verona,Sassuolo,A,-0.5677837829958381,0,0,0,0.0,0.0,0,0,0.4970190693159611,0.29863285798907474,0.2043480726949642,A,56617777.777777776,100574444.44444445,-0.5745751631214875
1,2021-08-23,Sampdoria,Milan,A,-1.5078349834617366,0,0,0,0.0,0.0,0,0,0.7756489349409598,0.15596496265087212,0.06838610240816811,A,63677777.777777776,273655555.5555556,-1.458034574845388
1,2021-08-21,Torino,Atalanta,A,-0.6135864972359458,0,0,0,0.0,0.0,0,0,0.5122720835314141,0.2931226212028326,0.19460529526575332,A,73277777.77777778,219333333.33333334,-1.0963352478360575
1,2021-08-22,Roma,Fiorentina,H,0.5193519934649972,1,0,2,0.0,0.0,0,0,0.18842242979474058,0.28933409571668256,0.5222434744885769,H,239848888.8888889,150294444.44444445,0.4674127624474243
1,2021-08-22,Bologna,Salernitana,H,0.9402174381958914,0,0,2,0.0,0.0,0,0,0.11701517896536485,0.22603217348533355,0.6569526475493016,H,75977777.77777778,14674444.444444444,1.6443333921494878
2,2021-08-29,Genoa,Napoli,A,-1.5422588162395183,0,0,0,-1.0,1.0,-4,2,0.6891089814307853,0.2081578171593932,0.10273320140982156,A,36246666.666666664,274805555.5555556,-2.025716353817448
2,2021-08-28,Atalanta,Bologna,D,0.9788132116574604,0,0,1,1.0,1.0,1,1,0.11170942367114486,0.21962918562678,0.6686613907020751,H,214388888.8888889,70950000.0,1.1058162000354024
2,2021-08-28,Lazio,Spezia,H,1.3404373909279002,0,0,2,1.0,-0.5,2,0,0.10095502129871538,0.20578658276978917,0.6932583959314955,H,162400000.0,29245555.555555556,1.714334812413413
2,2021-08-29,Milan,Cagliari,H,1.281791478447737,0,0,2,1.0,-0.5,1,0,0.10827097590716306,0.2153316833917195,0.6763973407011175,H,267855555.55555555,67636666.66666666,1.3762976210942905
2,2021-08-28,Fiorentina,Torino,H,0.12213846202012206,0,0,2,-1.0,-1.0,-2,-1,0.2829002377271835,0.3256304576438887,0.39146930462892787,H,164977777.7777778,81577777.77777778,0.7042538909692023
2,2021-08-28,Juventus,Empoli,A,1.8780007268111205,0,0,0,-0.5,-1.0,0,-2,0.04120702032316816,0.10361480482409166,0.8551781748527402,H,284077777.7777778,49061111.11111111,1.7561813795030374
2,2021-08-27,Hellas Verona,Internazionale,A,-1.5534045538934989,0,0,0,-1.0,1.0,-1,4,0.6922812850176148,0.20634625159382325,0.10137246338856198,A,74772222.22222222,399150000.0,-1.6748908307483026
2,2021-08-29,Salernitana,Roma,A,-1.9469346081025252,0,1,0,-1.0,1.0,-1,2,0.7916827579571498,0.14571810609238323,0.06259913595046696,A,13810000.0,232800000.0,-2.824786748436082
2,2021-08-27,Udinese,Venezia,H,0.16175010391211608,0,0,2,-0.5,-1.0,0,-2,0.29722664950204813,0.3277489319326099,0.37502441856534197,H,52782222.222222224,33058888.888888888,0.4678839507776757
2,2021-08-29,Sassuolo,Sampdoria,D,0.6882951574554173,0,0,1,1.0,-1.0,1,-1,0.23236943218740155,0.3115869976197354,0.456043570192863,H,101705555.55555555,60911111.11111111,0.5126663219283382
3,2021-09-11,Empoli,Venezia,A,-0.014103312360636605,0,0,0,0.0,-2.0,-1,-5,0.4358024837065045,0.31689399002238244,0.24730352627111313,A,50050000.0,30588888.888888888,0.4923856709488874
3,2021-09-12,Torino,Salernitana,H,1.3054441526174059,0,0,2,-2.0,-2.0,-2,-5,0.07546356269418705,0.16788982912998718,0.7566466081758257,H,78744444.44444445,15530000.0,1.6234340913193952
3,2021-09-11,Atalanta,Fiorentina,A,0.49144803521582375,0,0,0,0.5,0.0,1,-1,0.2140366907009692,0.30358057330069566,0.48238273599833514,H,198155555.55555555,162327777.7777778,0.19943474567054348
3,2021-09-12,Roma,Sassuolo,H,0.6418794848617433,0,0,2,2.0,0.5,6,1,0.22149833242761777,0.30704680091362313,0.47145486665875913,H,255655555.55555555,129333333.33333333,0.6814380014341039
3,2021-09-13,Bologna,Hellas Verona,H,0.20294609795094767,0,0,2,0.5,-2.0,1,-3,0.39531351792054514,0.32504284142143425,0.2796436406580206,A,90044444.44444445,83677777.77777778,0.07332993182716757
3,2021-09-12,Sampdoria,Internazionale,D,-1.673915928353078,0,0,1,-1.5,2.0,-1,6,0.6464162042292326,0.2316864208646371,0.12189737490613028,A,58426666.666666664,332911111.1111111,-1.7401031141279608
3,2021-09-12,Spezia,Udinese,A,-0.3886579897917832,0,0,0,-1.5,0.5,-5,3,0.3229000150465437,0.3297673479543138,0.34733263699914246,H,33245555.555555556,58162222.222222224,-0.5593149506025837
3,2021-09-11,Napoli,Juventus,H,-0.1130603597276106,0,0,2,2.0,-1.5,3,-1,0.5597633610880115,0.27385099260475776,0.16638564630723074,A,311172222.2222222,185822222.2222222,0.515556105962748
3,2021-09-12,Milan,Lazio,H,0.5565397266100705,0,0,2,2.0,2.0,4,7,0.18067451650284103,0.28425233946350636,0.5350731440336526,H,323188888.8888889,181866666.66666666,0.5749631297570018
3,2021-09-12,Cagliari,Genoa,A,0.17969951472721124,0,0,0,-1.5,-2.0,-3,-5,0.29245715619615814,0.3271263726810682,0.3804164711227736,H,78822222.22222222,36522222.222222224,0.7692740616693476
4,2021-09-19,Lazio,Cagliari,D,0.7252517518376667,1,0,1,1.0,-2.0,5,-4,0.26922984445078624,0.3228879974617852,0.40788215808742856,H,200228888.8888889,87055555.55555555,0.8329146721552999
4,2021-09-19,Empoli,Sampdoria,A,-0.17633756055720343,0,0,0,-1.0,-2.0,-2,-1,0.42879143359095334,0.3185488681593767,0.25265969824967,A,50205555.55555556,54844444.44444444,-0.08837520624321306
4,2021-09-19,Hellas Verona,Roma,H,-1.2096632678575814,0,1,2,-2.0,2.0,-4,7,0.4656674465920382,0.3088005452413666,0.22553200816659524,A,77888888.8888889,244100000.0,-1.1422946677005437
4,2021-09-18,Salernitana,Atalanta,A,-1.9190306498533518,0,1,0,-2.0,-0.5,-9,0,0.8056106413834234,0.13668564913768555,0.05770370947889103,A,13762222.222222222,229344444.44444445,-2.8132976795302973
4,2021-09-20,Udinese,Napoli,A,-1.5890869508107572,0,1,0,1.5,2.0,4,4,0.7728434579987872,0.15774073995777893,0.0694158020434339,A,55868888.88888889,331388888.8888889,-1.7802849007996582
4,2021-09-18,Genoa,Fiorentina,A,-0.764478658565375,0,0,0,-1.0,1.0,-4,0,0.4402212281530407,0.3158015494639193,0.24397722238304004,A,40186666.666666664,145061111.1111111,-1.2836198439215332
4,2021-09-18,Internazionale,Bologna,H,1.3504584559425512,1,0,2,1.5,1.5,6,2,0.07115904528647189,0.16071504065775954,0.7681259140557686,H,363022222.2222222,67455555.55555555,1.682995105833958
4,2021-09-19,Venezia,Spezia,A,0.226907885879667,0,0,0,-1.0,-2.0,-4,-6,0.3049110380014261,0.3285842337059978,0.366504728292576,H,29752222.22222222,31118888.888888888,-0.044911168840962044
4,2021-09-17,Sassuolo,Torino,A,-0.00038902937662400286,0,0,0,-0.5,-1.0,0,2,0.34422444938590663,0.32986420316694726,0.32591134744714617,A,131055555.55555557,86966666.66666667,0.4100964180369373
4,2021-09-19,Juventus,Milan,D,0.19382818279218045,1,1,1,-2.0,2.0,-2,6,0.11842911423829618,0.22769278391943248,0.6538781018422714,H,208666666.66666666,327344444.4444444,-0.45027488100956825
5,2021-09-21,Atalanta,Sassuolo,H,0.6139755266125699,0,0,2,0.5,-1.5,1,-1,0.25058795920006716,0.31792384881255054,0.4314881919873823,H,232366666.66666666,119212222.22222222,0.6674112990280635
5,2021-09-22,Milan,Venezia,H,1.6700692316583037,0,0,2,1.5,-2.0,6,-5,0.10574689980602585,0.21210105260555467,0.6821520475884195,H,258077777.7777778,30676666.666666668,2.129758681562696
5,2021-09-23,Torino,Lazio,D,-0.26261107001962514,0,0,1,0.0,0.5,3,5,0.36787567513828284,0.32846230687524186,0.30366201798647535,A,82677777.77777778,148306666.6666667,-0.584331344988723
5,2021-09-23,Roma,Udinese,H,1.330658786601611,0,0,2,1.0,0.5,6,0,0.08171177054078639,0.17788750661070296,0.7404007228485107,H,251833333.3333333,62744444.44444445,1.3896974537021127
5,2021-09-22,Cagliari,Empoli,A,0.402381065571203,0,0,0,-2.0,-2.0,-4,-5,0.21374301267600418,0.3034381256192158,0.48281886170478006,H,87944444.44444445,52650000.0,0.5130390634048629
5,2021-09-22,Spezia,Juventus,A,-2.090805300330151,0,0,0,-1.0,-2.0,-5,-2,0.9058363205123979,0.06846009145103416,0.025703588036567915,A,31937777.777777776,322255555.5555556,-2.3115553160947604
5,2021-09-23,Sampdoria,Napoli,A,-1.5886028065263065,0,0,0,-1.0,2.0,2,8,0.6484007872445477,0.23062937542751216,0.12096983732794009,A,59062222.222222224,347022222.2222222,-1.7707973167554663
5,2021-09-21,Fiorentina,Internazionale,A,-0.8630932795009146,0,0,0,2.0,2.0,1,11,0.593768178018366,0.25828876154754943,0.14794306043408456,A,181505555.55555555,397983333.3333334,-0.7851238660027365
5,2021-09-21,Bologna,Genoa,D,0.27711348212373854,0,0,1,0.5,-2.0,-3,-5,0.3719541220696526,0.3280711485277772,0.2999747294025702,A,87050000.0,33911111.11111111,0.9427399441401154
5,2021-09-22,Salernitana,Hellas Verona,D,-0.7372713402449438,0,0,1,-2.0,-1.0,-10,-3,0.4925365995531127,0.30018431166925685,0.20727908877763046,A,14116666.666666666,70566666.66666667,-1.6092017570427561
6,2021-09-25,Spezia,Milan,A,-1.8969771175379706,0,0,0,-2.0,2.0,-6,8,0.6852808539029215,0.21033268492709523,0.10438646116998329,A,30211111.111111112,298572222.2222222,-2.2908020797583575
6,2021-09-26,Lazio,Roma,H,-0.37887938546549427,0,0,2,0.0,2.0,5,7,0.31974069311331826,0.3296352374327309,0.3506240694539509,H,185166666.66666666,222755555.55555555,-0.18481868639400956
6,2021-09-26,Juventus,Sampdoria,H,1.7016631662539172,0,0,2,-1.0,-2.0,-1,-2,0.05793201067298276,0.13711449940452217,0.804953489922495,H,247827777.7777778,50233333.333333336,1.5960552435179636
6,2021-09-26,Empoli,Bologna,H,-0.4997950329677301,0,0,2,-1.0,0.0,-3,-3,0.4140581921460842,0.32170195268024304,0.26423985517367277,A,59583333.333333336,81866666.66666667,-0.3177160146988704
6,2021-09-27,Venezia,Torino,D,-0.850918435028608,0,0,1,-2.0,-0.5,-7,3,0.4996781051187905,0.29769773764889096,0.20262415723231852,A,35541111.11111111,77140000.0,-0.774931866864416
6,2021-09-25,Genoa,Hellas Verona,D,-0.07416738417279078,0,0,1,-2.0,-1.5,-5,-3,0.31207105101400473,0.3291818470612526,0.35874710192474263,H,33327777.77777778,76166666.66666667,-0.826532704903267
6,2021-09-26,Udinese,Fiorentina,A,-0.8113067931366141,0,0,0,-0.5,1.0,-1,-1,0.4861233017007243,0.3023487532277071,0.21152794507156863,A,61083333.333333336,170522222.22222224,-1.0266265717461787
6,2021-09-26,Napoli,Cagliari,H,1.362559301512307,0,0,2,2.0,-2.0,12,-6,0.1675772645012077,0.2747715312444291,0.5576512042543632,H,345877777.7777778,84338888.8888889,1.4112423951932398
6,2021-09-26,Sassuolo,Salernitana,H,1.3050551232407819,0,0,2,-2.0,-2.0,-2,-10,0.07549973156389149,0.16794910814236058,0.756551160293748,H,131166666.66666667,13711111.111111112,2.25826224505428
6,2021-09-25,Internazionale,Atalanta,D,0.371645244285091,0,0,1,2.0,1.5,13,2,0.241841226684826,0.31507340172917264,0.44308537158600136,H,383888888.8888889,228511111.1111111,0.5187683234066801
7,2021-10-03,Atalanta,Milan,A,-0.20556429939374976,1,1,0,1.0,2.0,2,9,0.3227509713049469,0.329761820699633,0.3474872079954201,H,209466666.66666666,331305555.5555556,-0.45847646040920276
7,2021-10-02,Salernitana,Genoa,H,-0.663103956072153,0,0,2,-2.0,-2.0,-11,-5,0.5292205515415225,0.28659888361476216,0.18418056484371537,A,12235555.555555556,30983333.333333332,-0.929103322561156
7,2021-10-03,Hellas Verona,Spezia,H,0.509653508535813,0,0,2,-2.0,-2.0,-3,-7,0.19070646863115526,0.29076068740262284,0.5185328439662219,H,77372222.22222222,22957777.777777776,1.2149710500778017
7,2021-10-01,Cagliari,Venezia,D,0.3882777532105664,0,0,1,-2.0,-2.0,-8,-7,0.21691771189751663,0.3049536194655681,0.4781286686369153,H,82858888.8888889,38001111.11111111,0.7795236279950644
7,2021-10-03,Sampdoria,Udinese,D,0.00048414428445068636,0,0,1,-2.0,-1.5,-3,-2,0.2911281034021974,0.3269383755910811,0.3819335210067215,H,57500000.0,59916666.666666664,-0.041169760129741585
7,2021-10-03,Fiorentina,Napoli,A,-0.7777801576741433,0,1,0,2.0,2.0,0,14,0.5660870637070695,0.2710617293656058,0.1628512069273247,A,185722222.22222224,347355555.5555556,-0.6260967826012175
7,2021-10-03,Bologna,Lazio,H,-0.6278377844411395,0,1,2,-1.0,1.0,-5,6,0.39596454470039844,0.3249399590390877,0.2790954962605139,A,94522222.22222222,135977777.7777778,-0.3636565110466015
7,2021-10-03,Roma,Empoli,H,1.5065122028743638,1,0,2,1.0,0.0,6,-1,0.0737298797136326,0.16502884067328252,0.761241279613085,H,232922222.2222222,47877777.777777776,1.5820531203480446
7,2021-10-02,Torino,Juventus,A,-1.012978979421876,0,1,0,-1.0,0.0,3,0,0.5833378847743014,0.26320657808458736,0.15345553714111126,A,92111111.1111111,293377777.7777778,-1.1584655446793208
7,2021-10-02,Sassuolo,Internazionale,A,-0.9856207708976609,0,1,0,-1.0,1.5,-1,13,0.4828860584828506,0.3034161500874525,0.21369779142969691,A,127183333.33333333,408827777.7777778,-1.1676643710677468
8,2021-10-16,Milan,Hellas Verona,H,1.3873236090021577,0,0,2,2.0,-1.0,10,1,0.13220841466025687,0.24291218413145785,0.6248794012082852,H,224694444.44444445,67884444.44444445,1.1969345413179333
8,2021-10-17,Udinese,Bologna,D,-0.3239416166949775,0,0,1,-2.0,0.0,-2,-2,0.3044470353214365,0.3285395589869626,0.36701340569160085,H,58383333.333333336,88405555.55555555,-0.4149043523445872
8,2021-10-17,Napoli,Torino,H,0.8999186196942653,0,0,2,2.0,-2.0,15,2,0.27159825660678377,0.32341567054829673,0.40498607284491944,H,353344444.4444444,78011111.11111112,1.5105920777974675
8,2021-10-18,Venezia,Fiorentina,H,-0.9730568970487301,0,0,2,-2.0,1.0,-7,-1,0.4484118425466988,0.3136779971074534,0.23791016034584783,A,47594444.44444445,160777777.7777778,-1.2173071082214308
8,2021-10-17,Empoli,Atalanta,A,-1.4786082446251905,0,0,0,-1.0,0.0,-3,1,0.7224886166399065,0.18868911696853985,0.08882226639155366,A,49430000.0,205388888.8888889,-1.4243476737215992
8,2021-10-17,Genoa,Sassuolo,D,-0.6419511671686289,0,0,1,-2.0,-2.0,-6,-2,0.5221939312100865,0.2893532726391099,0.18845279615080357,A,32555555.555555556,124432222.22222222,-1.3408131361630198
8,2021-10-16,Spezia,Salernitana,H,0.2276178317091309,0,0,2,-2.0,-1.0,-11,-10,0.2115915111241879,0.30238038488664704,0.486028103989165,H,34047777.777777776,11788888.888888888,1.0606072986806616
8,2021-10-17,Juventus,Roma,H,0.37148852393675663,0,0,2,1.0,2.0,1,8,0.18094558383431114,0.2844365699912168,0.5346178461744721,H,194588888.8888889,244222222.2222222,-0.22718948668494787
8,2021-10-17,Cagliari,Sampdoria,H,0.22604350501399967,0,0,2,-2.0,-2.0,-8,-3,0.2558639164428394,0.31947861899848456,0.4246574645586761,H,83855555.55555555,45484444.44444445,0.6117253547939863
8,2021-10-16,Lazio,Internazionale,H,-0.7226206715014117,0,0,2,0.0,2.0,3,14,0.42629005672170145,0.3191155707619357,0.2545943725163629,A,176902222.2222222,335022222.2222222,-0.6385997015048699
9,2021-10-23,Salernitana,Empoli,A,-0.44042240522816123,0,0,0,-2.0,-2.0,-11,-6,0.4552057407295798,0.3118217487727419,0.23297251049767836,A,10460000.0,56866666.666666664,-1.6931508877526922
9,2021-10-24,Hellas Verona,Lazio,H,-0.8307838823920871,0,1,2,-2.0,1.0,0,5,0.40212057421291114,0.32391957973925645,0.2739598460478324,A,80458888.8888889,158766666.6666667,-0.6796892621967685
9,2021-10-24,Atalanta,Udinese,D,1.3027548283524377,1,0,1,1.0,-2.0,4,-2,0.1457999966168248,0.2563129941589955,0.5978870092241797,H,187055555.55555555,55483333.333333336,1.2153229859119854
9,2021-10-24,Internazionale,Juventus,D,-0.027747237900839185,1,1,1,1.0,2.0,12,2,0.27327685285943715,0.3237761125480386,0.40294703459252423,H,395227777.7777778,189066666.66666666,0.7373625647530614
9,2021-10-22,Sampdoria,Spezia,H,0.3891421340762339,0,0,2,-2.0,-1.0,-5,-10,0.17791258133436866,0.2823480319503968,0.5397393867152345,H,43530000.0,35991111.11111111,0.19017836117651976
9,2021-10-24,Fiorentina,Cagliari,H,0.5847791438381638,0,0,2,0.0,-1.0,-2,-6,0.21386597560828285,0.3034978247093782,0.482636199682339,H,177116666.6666667,82816666.66666667,0.7601793197703747
9,2021-10-22,Torino,Genoa,H,0.6423401965452529,0,0,2,-2.0,-2.0,1,-6,0.16490139393936076,0.2726904505062472,0.562408155554392,H,93788888.8888889,39555555.55555555,0.8633402401376439
9,2021-10-23,Bologna,Milan,A,-1.18437751105121,0,1,0,-0.5,2.0,-2,11,0.5488017988841408,0.27856678995888906,0.17263141115697012,A,78633333.33333333,196961111.1111111,-0.9182106059780785
9,2021-10-24,Roma,Napoli,D,-0.25842816420914616,1,1,1,1.0,2.0,7,16,0.33833373305215586,0.32997206455265027,0.33169420239519387,A,262722222.2222222,355633333.3333333,-0.30280295278159475
9,2021-10-23,Sassuolo,Venezia,H,0.850529405651984,0,0,2,-2.0,-1.0,-2,-6,0.10477577304465696,0.21084068689865776,0.6843835400566852,H,136200000.0,39137777.777777776,1.247036209604133
10,2021-10-27,Sampdoria,Atalanta,A,-1.3022706840679872,0,0,0,-1.0,0.5,-4,4,0.6454428386975403,0.23220349768938686,0.12235366361307287,A,42542222.222222224,199711111.1111111,-1.5463748310642098
10,2021-10-28,Napoli,Bologna,H,1.26514533411578,0,0,2,1.5,-1.5,16,-4,0.1520890097647042,0.26200924541806503,0.5859017448172308,H,342702222.2222222,88266666.66666666,1.3564993779183185
10,2021-10-27,Lazio,Fiorentina,H,0.1404726079995029,0,0,2,0.0,1.0,2,1,0.23126126160039898,0.3111510258924163,0.4575877125071848,H,190333333.33333334,174938888.8888889,0.08434021440032838
10,2021-10-26,Venezia,Salernitana,A,0.4545257175887979,0,0,0,-2.0,-2.0,-8,-13,0.20230004317632508,0.29752003763215007,0.5001799191915248,H,34942222.222222224,12200000.0,1.0522599520381748
10,2021-10-26,Spezia,Genoa,D,-0.4354861243630222,0,0,1,-2.0,-2.0,-11,-7,0.4535752952819009,0.3122749328771709,0.23414977184092822,A,36617777.777777776,31397777.777777776,0.15379673510972752
10,2021-10-26,Milan,Torino,H,0.8191507966296955,0,0,2,2.0,-1.0,13,2,0.24515782644424758,0.3161950390104826,0.4386471345452698,H,262427777.77777776,100105555.55555555,0.9637507270641142
10,2021-10-27,Cagliari,Roma,A,-1.1041311373031608,0,0,0,-2.0,0.5,-9,7,0.5225795386143528,0.2892039219090248,0.18821653947662242,A,70166666.66666666,257555555.55555555,-1.3003620821091513
10,2021-10-27,Empoli,Internazionale,A,-1.8502534889102813,0,0,0,-1.0,0.5,-4,12,0.7906973241612331,0.14635260783419335,0.06295006800457359,A,55355555.55555555,325616666.6666667,-1.7719437948776742
10,2021-10-27,Udinese,Hellas Verona,D,-0.12099551874402978,0,0,1,-2.0,-1.0,-2,3,0.29924241359560894,0.32798786299395594,0.3727697234104352,H,59572222.222222224,61972222.222222224,-0.039496860646487233
10,2021-10-27,Juventus,Sassuolo,A,1.0133680087985,0,0,0,1.5,-1.0,2,0,0.18157495302871107,0.28486249523130247,0.5335625517399865,H,323988888.8888889,132572222.22222222,0.893581651348474
11,2021-10-31,Roma,Milan,A,-0.17766034114457632,0,0,0,1.5,2.0,8,14,0.34164347385662613,0.32992376261119677,0.32843276353217715,A,251466666.66666666,253133333.33333334,-0.006605916478454329
11,2021-10-30,Atalanta,Lazio,D,0.3509754272163207,0,0,1,1.5,1.0,6,3,0.24701674541657426,0.3168017763683074,0.4361814782151183,H,213377777.7777778,186366666.6666667,0.13534813995607592
11,2021-10-30,Torino,Sampdoria,H,0.6886841868320412,0,0,2,-2.0,-2.0,1,-6,0.1565737504345268,0.26588588800671864,0.5775403615587545,H,94683333.33333333,41355555.55555555,0.8283312234630952
11,2021-10-31,Sassuolo,Empoli,A,0.8646327180126205,0,0,0,0.0,-2.0,1,-6,0.1932641986178595,0.2923205036279687,0.5144152977541718,H,136583333.33333334,46708888.88888889,1.0730004421602148
11,2021-10-31,Genoa,Venezia,D,0.20857823848335505,0,0,1,-2.0,-2.0,-7,-9,0.26031931640770295,0.320698088052973,0.4189825955393241,H,32282222.222222224,40358888.88888889,-0.223294981990224
11,2021-10-31,Salernitana,Napoli,A,-2.205362772311671,0,0,0,-1.0,2.0,-12,19,0.8074793866773019,0.1354646962504168,0.057055917072281304,A,11192222.222222222,298705555.5555556,-3.2842392315454148
11,2021-10-31,Internazionale,Udinese,H,1.6744000726375288,0,0,2,1.5,-2.0,14,-2,0.10520251253089273,0.21139572460605838,0.6834017628630489,H,321188888.8888889,57831111.11111111,1.7145025035851045
11,2021-10-31,Fiorentina,Spezia,H,1.199964782928397,0,0,2,0.0,-2.0,0,-11,0.1328842052161289,0.2436151379451635,0.6235006568387076,H,167027777.77777776,34860000.0,1.5668200924915838
11,2021-11-01,Bologna,Cagliari,H,0.09741396739652708,0,0,2,-2.0,-2.0,-7,-10,0.2898304626065699,0.3267486454765765,0.3834208919168535,H,88511111.1111111,82816666.66666667,0.06649876403110441
11,2021-10-30,Hellas Verona,Juventus,H,-1.581151791794338,0,0,2,-1.5,0.5,3,1,0.7002019905774657,0.2017868499596034,0.09801115946293093,A,73688888.8888889,202566666.66666666,-1.0112170239883338
12,2021-11-07,Udinese,Sassuolo,H,-0.6887793017398679,0,0,2,-2.0,-1.0,-4,0,0.47640234085218575,0.3055022471554805,0.21809541199233368,A,69672222.22222222,122333333.33333334,-0.5629478544526213
12,2021-11-07,Sampdoria,Bologna,A,-0.3234574724105268,0,0,0,-2.0,-1.0,-9,-5,0.35866297747593306,0.3291874562921407,0.3121495662319262,A,47737777.777777776,90161111.1111111,-0.6358751220320448
12,2021-11-07,Venezia,Roma,H,-1.4924088905137274,0,1,2,-2.0,0.5,-9,7,0.6474101350162658,0.2311574910324362,0.12143237395129802,A,51596666.666666664,247255555.55555555,-1.5669653687181746
12,2021-11-06,Juventus,Fiorentina,H,0.8908405174017537,1,0,2,-0.5,1.0,0,3,0.08921492771236163,0.18926832432992247,0.7215167479577159,H,331577777.7777778,165604444.44444445,0.6942603258464513
12,2021-11-07,Lazio,Salernitana,H,1.568055222637031,1,0,2,0.5,-2.0,3,-13,0.09589088803071304,0.19884801559450466,0.7052610963747823,H,184177777.7777778,11377777.777777778,2.7842393394597567
12,2021-11-06,Spezia,Torino,H,-1.077826320908275,0,0,2,-2.0,-1.0,-14,4,0.6044062833744086,0.25314755025291336,0.14244616637267804,A,37406666.666666664,84751111.11111112,-0.8178699149754907
12,2021-11-07,Milan,Internazionale,D,-0.1660809448913413,1,1,1,2.0,2.0,15,16,0.36608463659632434,0.3286206243852487,0.3052947390184269,A,235527777.7777778,397711111.1111111,-0.5238970313991955
12,2021-11-05,Empoli,Genoa,D,-0.22268155084399163,0,0,1,-1.0,-2.0,-5,-7,0.443976090361443,0.31484377423153836,0.24118013540701871,A,49450000.0,28828888.888888888,0.5395840872620742
12,2021-11-06,Cagliari,Atalanta,A,-1.0762271790539875,0,1,0,-2.0,1.0,-12,6,0.48259757480156407,0.30351044141382644,0.2138919837846095,A,84555555.55555555,225488888.8888889,-0.9808621039832968
12,2021-11-07,Napoli,Hellas Verona,D,1.4680914320667273,1,0,1,2.0,-0.5,20,4,0.10793411981907804,0.21490428177781168,0.6771615984031103,H,311900000.0,70433333.33333333,1.4880159876598564
13,2021-11-22,Hellas Verona,Empoli,H,0.29684893501678256,0,0,2,-1.0,-1.5,4,-5,0.2611418065411701,0.320914012155106,0.41794418130372385,H,75722222.22222222,46266666.666666664,0.49264991439577355
13,2021-11-21,Salernitana,Sampdoria,A,-0.6167599657853646,0,0,0,-2.0,-2.0,-16,-10,0.5138145717243223,0.2925460098667655,0.1936394184089122,A,12280000.0,44822222.222222224,-1.2947321254648956
13,2021-11-21,Internazionale,Napoli,H,0.08531312182677148,0,0,2,1.5,1.5,16,20,0.2924547289295624,0.3271260351501734,0.3804192359202641,H,359627777.7777778,348022222.2222222,0.03280321124108259
13,2021-11-21,Sassuolo,Cagliari,D,0.46225165244141764,0,0,1,-2.0,-2.0,-1,-13,0.2006440839121956,0.29660274680109666,0.5027531692867078,H,144338888.8888889,88122222.22222222,0.49343918998759656
13,2021-11-20,Atalanta,Spezia,H,1.691412818144221,0,0,2,2.0,-1.0,7,-13,0.0922301246397946,0.19365715853793244,0.714112716822273,H,200722222.2222222,35118888.88888889,1.743182842545149
13,2021-11-20,Lazio,Juventus,A,-0.7503679094022508,0,0,0,1.5,0.5,6,1,0.616697196755318,0.24705536965772146,0.13624743358696056,A,180822222.2222222,293988888.8888889,-0.48602762280323897
13,2021-11-21,Bologna,Venezia,A,0.48569172060709354,0,0,0,0.0,-1.0,-4,-8,0.23689736972122744,0.31330673015214505,0.4497959001266275,H,96733333.33333333,49294444.44444445,0.6741466658368502
13,2021-11-21,Genoa,Roma,A,-1.2838306520303722,0,0,0,-2.0,-0.5,-7,6,0.640025053616459,0.2350650037014993,0.1249099426820417,A,30264444.444444444,235740000.0,-2.0527559299938316
13,2021-11-20,Fiorentina,Milan,H,-0.6970123346095733,0,0,2,0.0,1.5,2,15,0.4481174542311556,0.3137565066725961,0.23812603909624824,A,146611111.1111111,221277777.7777778,-0.41163524667832035
13,2021-11-22,Torino,Udinese,H,0.6891683311164919,0,0,2,-2.0,-1.0,3,-3,0.12672031650417978,0.23705565063746512,0.636224032858355,H,112166666.66666667,65922222.222222224,0.5315102644882946
14,2021-11-28,Milan,Sassuolo,A,0.8195398260063195,1,0,0,0.5,-2.0,14,-1,0.22330543311743095,0.3078427311186736,0.4688518357638955,H,241627777.7777778,133100000.0,0.5962977082963309
14,2021-11-27,Venezia,Internazionale,A,-1.8361501765496449,0,1,0,0.0,2.0,-7,17,0.766119811661314,0.16197533545571086,0.0719048528829751,A,49523333.33333333,342605555.5555556,-1.9341358626429952
14,2021-11-27,Juventus,Atalanta,A,0.39939248218593015,1,1,0,1.5,2.0,3,10,0.193914094464109,0.29271055436579163,0.5133753511700994,H,320066666.6666667,237800000.0,0.29709932317204896
14,2021-11-28,Udinese,Genoa,D,-0.04682813457123898,0,0,1,-2.0,-2.0,-4,-9,0.33091785686663716,0.3299634846222423,0.3391186585111206,H,61211111.11111111,30355555.555555556,0.7013491767820358
14,2021-11-27,Empoli,Fiorentina,H,-0.9871602094093667,0,0,2,-2.0,1.0,-6,3,0.45306360103355053,0.31241616101248476,0.23452023795396476,A,58966666.666666664,177466666.66666666,-1.101810485355217
14,2021-11-28,Spezia,Bologna,A,-0.7125996064867606,0,0,0,-2.0,-1.0,-16,-5,0.4843237677729801,0.30294420625658675,0.21273202597043311,A,40013333.333333336,96988888.8888889,-0.885383692501028
14,2021-11-28,Napoli,Lazio,H,0.6373075496746403,1,1,2,0.5,0.5,19,4,0.16549054761155535,0.2731529704122327,0.561356481976212,H,286794444.4444444,177355555.55555555,0.4806092315968887
14,2021-11-27,Sampdoria,Hellas Verona,H,-0.12051137445957912,0,0,2,-1.0,0.0,-8,5,0.2989032098099134,0.32794865220464037,0.37314813798544627,H,46150000.0,80014444.44444445,-0.5503102129823835
14,2021-11-28,Roma,Torino,H,0.6414904554851193,1,0,2,0.5,-1.0,8,4,0.22183959226489583,0.307198389702264,0.4709620180328402,H,197166666.66666666,110944444.44444445,0.5750198192306811
14,2021-11-26,Cagliari,Salernitana,D,0.8428034707993644,0,0,1,-2.0,-2.0,-13,-18,0.13132710773158457,0.24198951443310923,0.6266833778353063,H,84333333.33333333,13408888.888888888,1.8388593631047696
15,2021-12-01,Internazionale,Spezia,H,2.063058062429312,0,0,2,2.0,-2.0,19,-17,0.07336201589002896,0.16441682267450086,0.7622211614354701,H,281216666.6666667,28641111.111111112,2.2842822908573095
15,2021-12-01,Genoa,Milan,A,-1.4614909931749485,0,0,0,-2.0,-0.5,-9,12,0.6925709328742866,0.2061804296991374,0.10124863742657597,A,41161111.11111111,257377777.7777778,-1.833051052488969
15,2021-12-01,Bologna,Roma,H,-1.0067171699066337,0,0,2,0.0,1.5,-4,9,0.5509064546438428,0.27767326199172204,0.17142028336443516,A,91527777.77777778,207866666.66666666,-0.8202543400350141
15,2021-11-30,Atalanta,Venezia,H,1.4645049322645538,0,0,2,2.0,-1.0,11,-9,0.12085066499628583,0.23049298459519318,0.648656350408521,H,186344444.44444445,45773333.333333336,1.403895133079981
15,2021-12-02,Lazio,Udinese,D,0.9517794011361169,0,0,1,-0.5,-2.0,0,-4,0.15877154855107858,0.2677307921984309,0.5734976592504906,H,178111111.1111111,56970000.0,1.1398827617810292
15,2021-11-30,Salernitana,Juventus,A,-2.318423132039282,0,0,0,-2.0,0.5,-18,2,0.8465970939845362,0.1094386331933156,0.04396427282214821,A,13291111.111111112,235000000.0,-2.8724900398639672
15,2021-11-30,Fiorentina,Sampdoria,H,0.8108226488521633,0,0,2,0.0,0.0,2,-6,0.13603568720064227,0.24684161033448634,0.6171227024648713,H,145411111.1111111,45116666.666666664,1.170313252333015
15,2021-12-02,Torino,Empoli,D,0.8650217473892445,0,0,1,-2.0,-1.0,3,-5,0.10297850841582702,0.2084823241428861,0.6885391674412868,H,86683333.33333333,55561111.11111111,0.4447781154646661
15,2021-12-01,Sassuolo,Napoli,D,-0.9003076490708894,0,0,1,-1.0,1.5,1,23,0.45458959653804537,0.3119935745585111,0.23341682890344356,A,141083333.3333333,278150000.0,-0.6788098041761674
15,2021-11-30,Hellas Verona,Cagliari,D,-0.10553213055442053,0,0,1,-1.0,-2.0,3,-13,0.40585764788953543,0.3232588021094244,0.2708835500010401,A,77853333.33333334,60966666.66666667,0.24449944801851692
16,2021-12-04,Napoli,Atalanta,A,0.2863321224583194,0,0,0,1.0,2.0,23,15,0.1983717821232462,0.2953182839528827,0.506309933923871,H,190966666.66666666,218944444.44444445,-0.13671912655241664
16,2021-12-06,Empoli,Udinese,H,-0.17585341627275267,0,0,2,-1.5,-2.0,-5,-4,0.3989639634097813,0.3244534842834211,0.2765825523067977,A,63844444.44444444,51400000.0,0.21681139674785038
16,2021-12-04,Roma,Internazionale,A,-0.3437412860359175,0,0,0,0.5,2.0,8,21,0.33639020204737197,0.32998555599346496,0.3336242419591631,A,198866666.66666666,293011111.1111111,-0.3875759467664378
16,2021-12-05,Juventus,Genoa,H,1.6553191759671289,0,0,2,1.5,-2.0,4,-12,0.1076196555424666,0.2145042529013858,0.6778760915561477,H,235644444.44444445,24855555.555555556,2.2492427864787317
16,2021-12-04,Milan,Salernitana,H,2.1245949492471015,0,0,2,0.5,-2.0,15,-20,0.048098706318307906,0.11794289296350152,0.8339584007181906,H,273272222.2222222,10346666.666666666,3.2738040427103923
16,2021-12-05,Spezia,Sassuolo,D,-1.077437291531651,0,0,1,-2.0,-1.5,-19,1,0.6332493730023955,0.23860365842309528,0.12814696857450925,A,32833333.333333332,132866666.66666666,-1.3979018596006512
16,2021-12-05,Bologna,Fiorentina,A,-0.4873651764416365,0,0,0,1.0,1.0,-3,4,0.4700267058670814,0.3074849282958365,0.2224883658370821,A,87077777.77777778,186116666.66666666,-0.759572000501092
16,2021-12-05,Venezia,Hellas Verona,A,-0.2827456226561459,0,0,0,-2.0,-1.5,-13,3,0.3745912580262185,0.32779582115659256,0.29761292081718893,A,26530000.0,70087777.77777778,-0.9714722565921322
16,2021-12-05,Sampdoria,Lazio,A,-0.9512952568516663,0,0,0,-1.0,-1.0,-8,0,0.6224579362725815,0.24414548405548286,0.13339657967193563,A,42531111.11111111,150411111.1111111,-1.2631364515818133
16,2021-12-06,Cagliari,Torino,D,-0.4626406818180416,0,0,1,-2.0,-2.0,-13,3,0.4625557984316154,0.30971941369272143,0.22772478787566325,A,83000000.0,84294444.44444445,-0.015475352838432892
17,2021-12-12,Napoli,Empoli,A,1.7649403670835098,1,0,0,0.0,-0.5,22,-3,0.047564985236284524,0.11686021774069608,0.8355747970230194,H,193222222.2222222,57700000.0,1.2085837635040098
17,2021-12-13,Roma,Spezia,H,1.7193167763933943,1,0,2,-0.5,-2.0,5,-19,0.06356769059223208,0.14746513737415157,0.7889671720336163,H,184717777.7777778,30891111.111111112,1.7883606585412366
17,2021-12-10,Genoa,Sampdoria,A,0.04634399028678826,0,0,0,-2.0,-2.0,-14,-10,0.3040325643312125,0.32849903355329435,0.36746840211549314,H,33705555.55555555,46382222.222222224,-0.3192535670001116
17,2021-12-12,Hellas Verona,Atalanta,A,-1.1817593096084078,0,1,0,-0.5,2.0,4,16,0.5479379155791191,0.27893188833628824,0.17313019608459268,A,67442222.22222222,197544444.44444445,-1.0746923299350155
17,2021-12-12,Internazionale,Cagliari,H,1.4478724233390783,1,0,2,2.0,-2.0,24,-13,0.15231519069075278,0.2622084048014872,0.5854764045077601,H,396694444.4444445,66735000.0,1.7824367700707084
17,2021-12-12,Sassuolo,Lazio,H,-0.2630000993962491,0,1,2,-2.0,0.0,1,2,0.2875319223912897,0.32639747655640344,0.3860706010523068,H,139394444.44444445,117422222.22222222,0.1715314683206521
17,2021-12-11,Venezia,Juventus,D,-1.863897414450484,0,1,1,-2.0,2.0,-14,6,0.6756992332379002,0.2157216483366582,0.10857911842544166,A,44125555.55555555,235588888.8888889,-1.6750491840839075
17,2021-12-11,Fiorentina,Salernitana,H,1.4275826146375281,0,0,2,2.0,-2.0,5,-22,0.15583829534640428,0.2652605214256044,0.5789011832279913,H,180483333.33333334,11193333.333333332,2.780320074424994
17,2021-12-12,Torino,Bologna,H,0.3652267144215145,0,0,2,-2.0,0.0,3,-4,0.14875801755798115,0.2590306222726987,0.5922113601693202,H,79616666.66666667,77422222.22222222,0.027949602965787527
17,2021-12-11,Udinese,Milan,D,-1.5083191277461874,0,1,1,-2.0,1.5,-6,17,0.59464183957559,0.2578712518794012,0.1474869085450088,A,63554444.44444445,259400000.0,-1.4064743405090685
18,2021-12-19,Sampdoria,Venezia,D,0.16223424819656684,1,1,1,-1.0,-2.0,-8,-14,0.32347307559723126,0.32978795304511554,0.3467389713576532,H,46911111.11111111,40672222.222222224,0.14270919932156845
18,2021-12-17,Salernitana,Internazionale,A,-2.2906758941384426,0,1,0,-2.0,2.0,-26,28,0.7862832045725704,0.1491872384830052,0.06452955694442442,A,9155555.555555556,268366666.66666666,-3.3779933450586186
18,2021-12-17,Lazio,Genoa,H,0.904951266564878,1,0,2,-1.0,-2.0,1,-16,0.15092510238032303,0.2609781921621014,0.5880967054575755,H,165000000.0,29624444.444444444,1.717345627551269
18,2021-12-18,Cagliari,Udinese,A,0.2265276492984503,1,1,0,-2.0,-2.0,-17,-6,0.2557411263126384,0.3194438089202946,0.42481506476706704,H,69044444.44444445,61002222.222222224,0.12384012624047265
18,2021-12-19,Spezia,Empoli,D,-0.21280457351903043,1,1,1,-2.0,0.5,-21,-2,0.2502804163441709,0.31782945339991747,0.43189013025591155,H,35238888.88888889,56888888.88888889,-0.4789497769596017
18,2021-12-19,Fiorentina,Sassuolo,D,0.12252749139674611,1,0,1,2.0,-1.0,9,2,0.45103025470150276,0.3129726308453858,0.2359971144531114,A,182605555.55555555,135777777.7777778,0.2963088300319439
18,2021-12-19,Milan,Napoli,A,-0.08076782306456984,0,0,0,1.0,-1.0,17,21,0.45750959096522936,0.3111731857051816,0.23131722332958904,A,224200000.0,215457777.77777776,0.03977354707567106
18,2021-12-19,Torino,Hellas Verona,H,0.5681728123724621,1,1,2,-1.0,-1.5,4,3,0.19757471687447162,0.29486060512075285,0.5075646780047756,H,84766666.66666667,62115555.55555555,0.31090593415049195
18,2021-12-18,Atalanta,Roma,A,-0.027903958249173487,0,0,0,2.0,0.5,17,7,0.40984245129021774,0.32252044643603656,0.26763710227374576,A,204122222.2222222,222351111.1111111,-0.08553877109220004
18,2021-12-18,Bologna,Juventus,A,-1.3782056938433904,0,0,0,-1.0,1.5,-5,6,0.6117206535272296,0.24954135715992265,0.13873798931284775,A,90016666.66666667,250466666.66666666,-1.0233310061009684
19,2021-12-22,Roma,Sampdoria,D,1.3301746423171603,0,0,1,1.5,-1.5,10,-8,0.14124993622115442,0.2519965328563494,0.6067535309224962,H,206000000.0,32122222.22222222,1.8583280971035
19,2021-12-22,Sassuolo,Bologna,A,0.36483768504489045,0,0,0,-1.5,-2.0,2,-7,0.24413601077973493,0.3158548431376741,0.440009146082591,H,141984444.44444445,78533333.33333333,0.5921943423254351
19,2021-12-21,Genoa,Atalanta,D,-1.2559266937811986,0,0,1,-2.0,1.0,-18,14,0.5423414280191451,0.2812734456866499,0.176385126294205,A,27028888.888888888,191355555.55555555,-1.9572269920717744
19,2021-12-22,Empoli,Milan,A,-1.6841725440189401,0,0,0,0.0,0.0,-2,16,0.8138796522211319,0.1312671569619307,0.0548531908169374,A,62716666.666666664,281755555.5555556,-1.5024126423862918
19,2021-12-22,Venezia,Lazio,A,-1.113529505048233,0,0,0,-2.0,0.0,-14,3,0.5561971649204998,0.27540197943914646,0.16840085564035379,A,38274444.44444444,159174444.44444445,-1.4252183090813555
19,2021-12-22,Hellas Verona,Fiorentina,D,-0.6903112743925842,0,0,1,-2.0,1.5,2,9,0.3303444479099941,0.329955980324708,0.3396995717652978,H,68088888.8888889,176916666.66666666,-0.9548647708250935
19,2021-12-22,Internazionale,Torino,H,0.9852317415210369,0,0,2,2.0,0.0,33,5,0.1691650913548133,0.2759827850400375,0.5548521236051492,H,333333333.3333333,81194444.44444445,1.4122961636588913
19,2021-12-21,Juventus,Cagliari,H,1.4756196612399175,0,0,2,2.0,-2.0,8,-21,0.1476032716825196,0.25797791276430504,0.5944188155531753,H,234033333.33333334,58405555.55555556,1.388052540669473
19,2021-12-22,Napoli,Spezia,A,1.9777449406025405,0,0,0,0.0,-2.0,22,-21,0.05156766194258575,0.12487244678527198,0.8235598912721422,H,219077777.7777778,35304444.44444445,1.8254179554803447
20,2022-01-06,Spezia,Hellas Verona,A,-0.509653508535813,0,0,0,-1.0,-2.0,-20,2,0.5392407679482168,0.2825529185219037,0.17820631352987948,A,36253333.333333336,62450000.0,-0.5438349054754263
20,2022-01-06,Milan,Roma,H,0.17766034114457624,0,0,2,1.0,1.0,18,10,0.2677560199561892,0.3225482434836348,0.40969573656017594,H,199366666.66666666,231766666.6666667,-0.15058544305446098
20,2022-01-06,Lazio,Empoli,D,1.1276328174088697,0,0,1,1.0,-1.0,5,-4,0.14426596346884707,0.2548763316432032,0.6008577048879498,H,203133333.3333333,45827777.777777776,1.4889721689129776
20,2022-01-06,Sampdoria,Cagliari,A,-0.22604350501399958,0,0,0,-2.0,-2.0,-8,-23,0.3857360173390645,0.3264427450634825,0.28782123759745304,A,42646666.666666664,69344444.44444445,-0.4861369192498962
20,2022-01-06,Sassuolo,Genoa,D,0.6419511671686289,0,0,1,-2.0,-2.0,-1,-18,0.16497278035069554,0.2727466236237812,0.5622805960255233,H,103116666.66666667,35814444.44444445,1.057509745175028
20,2022-01-06,Juventus,Napoli,D,0.11306035972761057,0,0,1,2.0,-1.0,10,21,0.45415511573287437,0.31211432493929747,0.23373055932782816,A,301877777.7777778,194966666.66666666,0.43719362233196324
21,2022-01-09,Roma,Juventus,A,-0.3714885239367567,0,0,0,0.0,1.5,8,10,0.34480160992059083,0.3298482844983105,0.32535010558109867,A,208233333.33333334,262250000.0,-0.230639001444992
21,2022-01-09,Genoa,Spezia,A,0.4354861243630222,0,0,0,-2.0,-2.0,-18,-21,0.20642441109550635,0.2997368770881399,0.49383871181635375,H,32227777.777777776,34168888.88888889,-0.058486803869854324
21,2022-01-09,Hellas Verona,Salernitana,A,0.7372713402449438,0,0,0,-1.0,-2.0,3,-31,0.18183460251944333,0.2850374713069467,0.53312792617361,H,58111111.11111111,10262222.222222222,1.7338874795786283
21,2022-01-09,Internazionale,Lazio,H,0.7226206715014118,0,0,2,2.0,0.5,34,5,0.20350569758068873,0.29817802724748066,0.49831627517183064,H,386550000.0,180100000.0,0.7637489735845733
21,2022-01-10,Torino,Fiorentina,H,-0.12213846202012216,0,0,2,-1.0,1.0,4,9,0.2504823281093456,0.31789147421927805,0.4316261976713764,H,85986111.11111112,173161111.1111111,-0.7000366547230994
21,2022-01-09,Napoli,Sampdoria,H,1.5886028065263065,0,0,2,-1.5,-2.0,21,-9,0.05949446460141167,0.1400293215848619,0.8004762138137264,H,155891111.1111111,33542222.222222224,1.5363527477516874
21,2022-01-11,Cagliari,Bologna,H,-0.09741396739652716,0,0,2,-1.0,-1.0,-22,-4,0.3457858141322931,0.32981896048495957,0.3243952253827473,A,70283333.33333333,73511111.1111111,-0.04490187484880295
21,2022-01-09,Empoli,Sassuolo,A,-0.8646327180126205,0,0,0,-1.5,-2.0,-4,-1,0.6243054656254791,0.24320504036369472,0.13248949401082621,A,53833333.333333336,112266666.66666667,-0.7349841397054604
21,2022-01-09,Venezia,Milan,A,-1.6700692316583035,0,0,0,-2.0,2.0,-16,20,0.6167658247255121,0.2470209060810814,0.13621326919340648,A,48820000.0,217538888.8888889,-1.4942375690703456
21,2022-01-09,Udinese,Atalanta,A,-1.3027548283524377,0,0,0,-1.0,0.5,-2,14,0.6455904344106912,0.23212514901117554,0.12228441657813327,A,59244444.44444445,200088888.8888889,-1.217089701287969
22,2022-01-16,Sassuolo,Hellas Verona,A,0.5677837829958381,0,0,0,-1.0,-2.0,3,2,0.21786324321707892,0.3053946688176389,0.47674208796528217,H,101355555.55555555,66772222.222222224,0.4173475278788022
22,2022-01-17,Milan,Spezia,A,1.8969771175379706,1,0,0,2.0,-1.0,23,-20,0.07171935934101901,0.16166256008581043,0.7666180805731706,H,197727777.7777778,34160000.0,1.7558358560791991
22,2022-01-16,Roma,Cagliari,H,1.1041311373031608,0,0,2,-1.0,0.0,7,-21,0.0769808443651701,0.170362360844998,0.7526567947898319,H,194584444.44444445,71990555.55555555,0.9943312929330494
22,2022-01-17,Bologna,Napoli,A,-1.26514533411578,0,1,0,-2.0,-0.5,-5,22,0.6342698673492386,0.23807357653772798,0.1276565561130334,A,64955555.55555555,257622222.22222224,-1.3777909815591556
22,2022-01-15,Sampdoria,Torino,A,-0.688684186832041,0,0,0,-2.0,0.0,-10,8,0.4157437347314044,0.32136409659387916,0.2628921686747165,A,35982222.222222224,94822222.22222222,-0.9689788040948536
22,2022-01-16,Venezia,Empoli,D,0.014103312360636605,1,0,1,-2.0,-2.0,-19,-8,0.3131971460444576,0.3292603620489196,0.3575424919066228,H,45782222.222222224,57477777.777777776,-0.22750254499397674
22,2022-01-15,Juventus,Udinese,H,1.702147310538368,1,0,2,2.0,-2.0,11,-6,0.11351569277779532,0.22183974320061722,0.6646445640215874,H,248344444.44444445,51666666.666666664,1.5700038431886933
22,2022-01-16,Atalanta,Internazionale,D,-0.37164524428509094,1,1,1,1.5,2.0,18,35,0.40190433890703176,0.3239568654171681,0.2741387956758001,A,212788888.8888889,307138888.8888889,-0.3669995098499973
22,2022-01-15,Salernitana,Lazio,A,-1.568055222637031,0,0,0,-1.0,-0.5,-30,4,0.7683200929179407,0.16059290826446082,0.0710869988175985,A,10601111.111111112,205711111.1111111,-2.965513993869356
22,2022-01-17,Fiorentina,Genoa,H,0.7644786585653751,1,1,2,0.0,-2.0,5,-19,0.21492252681651172,0.30400744988704953,0.4810700232964388,H,170555555.55555555,28333333.333333332,1.7950221148628713
23,2022-01-22,Genoa,Udinese,D,0.046828134571239105,0,1,1,-2.0,-2.0,-25,-8,0.3038960982985918,0.3284855622501301,0.36761833945127803,H,31466666.666666664,65632222.222222224,-0.7351379832831183
23,2022-01-22,Internazionale,Venezia,H,1.8361501765496449,1,0,2,1.5,-2.0,35,-19,0.08657369102654768,0.18533783399625087,0.7280884749772014,H,364400000.0,40280000.0,2.202397097535442
23,2022-01-23,Milan,Juventus,D,-0.1938281827921804,0,1,1,1.0,2.0,22,13,0.31934277005730094,0.3296163615574441,0.35104086838525494,H,241783333.3333333,190677777.7777778,0.2374570322447634
23,2022-01-21,Hellas Verona,Bologna,H,-0.2029460979509476,0,0,2,-1.0,-2.0,4,-7,0.4374952467499848,0.3164799575041826,0.24602479574583253,A,74186666.66666667,77533333.33333333,-0.04412351190943111
23,2022-01-23,Torino,Sassuolo,D,0.00038902937662399706,0,1,1,1.0,-2.0,9,1,0.4917974545854681,0.30043710778108645,0.20776543763344546,A,92881111.1111111,130777777.77777778,-0.34217922973871584
23,2022-01-23,Spezia,Sampdoria,H,-0.38914213407623394,0,1,2,0.0,-2.0,-19,-11,0.5600688783884353,0.27371737645056504,0.16621374516099963,A,25947777.777777776,36383333.333333336,-0.3380248231505275
23,2022-01-22,Lazio,Atalanta,D,-0.3509754272163207,1,0,1,0.5,1.0,7,18,0.39553571500402157,0.3250078364624343,0.2794564485335442,A,205155555.55555555,158000000.0,0.2611734659505942
23,2022-01-23,Empoli,Roma,A,-1.5065122028743638,1,1,0,-2.0,0.0,-8,8,0.6790273731170244,0.2138587482253974,0.10711387865757815,A,59088888.88888889,198466666.66666666,-1.2115782584408663
23,2022-01-23,Cagliari,Fiorentina,D,-0.5847791438381637,0,1,1,-1.0,1.0,-22,11,0.3823290122871707,0.3268884479330764,0.2907825397797528,A,52627777.777777776,129275555.55555555,-0.8987021407586653
23,2022-01-23,Napoli,Salernitana,H,2.205362772311671,0,0,2,0.5,-2.0,24,-33,0.04340475124405851,0.10826679889677249,0.848328449859169,H,257066666.66666666,9295555.555555556,3.3197990659503933
24,2022-02-06,Udinese,Torino,H,-0.689168331116492,0,0,2,-2.0,0.5,-8,9,0.3864007009554461,0.32635255354922477,0.28724674549532914,A,49811111.11111111,83622222.22222222,-0.5180712269979432
24,2022-02-06,Venezia,Napoli,A,-1.7508370547228733,0,0,0,-2.0,1.5,-20,27,0.6695808974678299,0.21912113714888226,0.11129796538328784,A,42982222.222222224,292984444.4444444,-1.9193329234618712
24,2022-02-06,Bologna,Empoli,D,0.4997950329677302,0,0,1,-2.0,-2.0,-8,-10,0.19274181570020701,0.2920051438318465,0.5152530404679465,H,72977777.77777778,49538888.88888889,0.38739698555733
24,2022-02-06,Juventus,Hellas Verona,H,1.581151791794338,0,0,2,1.5,0.0,13,5,0.07531013955149526,0.16763819130173402,0.7570516691467708,H,324300000.0,57211111.11111111,1.734920883597396
24,2022-02-07,Salernitana,Spezia,D,-0.2276178317091309,0,0,1,-2.0,1.0,-36,-18,0.23143547046480906,0.31121995907509503,0.4573445704600959,H,21368888.888888888,30463333.333333332,-0.3545877006053772
24,2022-02-06,Sampdoria,Sassuolo,H,-0.6882951574554173,0,0,2,-2.0,-2.0,-12,1,0.5375733556244576,0.2832356478823207,0.17919099649322168,A,41483333.33333333,134050000.0,-1.172921124536477
24,2022-02-06,Atalanta,Cagliari,A,1.0762271790539875,0,0,0,0.5,-1.5,18,-22,0.1529915757652529,0.26280165479339807,0.5842067694413491,H,191652222.2222222,50925555.55555555,1.3253175156278945
24,2022-02-05,Fiorentina,Lazio,A,-0.1404726079995029,0,0,0,0.5,0.0,11,7,0.38725459812269447,0.3262351466066984,0.28651025527060714,A,98055555.55555555,204144444.44444445,-0.7332935928182372
24,2022-02-05,Roma,Genoa,D,1.2838306520303722,0,0,1,1.0,-2.0,10,-25,0.1489681212360379,0.2592210397705573,0.5918108389934048,H,201966666.6666667,35588888.88888889,1.7360691880039407
24,2022-02-05,Internazionale,Milan,A,0.16608094489134126,0,0,0,2.0,0.5,36,22,0.3490860500603947,0.3297007259319964,0.3212132240076089,A,394966666.6666667,280033333.3333333,0.3438927294518929
25,2022-02-13,Milan,Sampdoria,H,1.5078349834617366,1,0,2,1.5,-1.0,23,-8,0.10298567325308806,0.20849179274089968,0.6885225340060123,H,262866666.66666666,42200000.0,1.8292267117334509
25,2022-02-12,Lazio,Bologna,H,0.6278377844411396,1,0,2,1.0,-2.0,10,-8,0.295514298902813,0.3275347307951054,0.3769509703020816,H,200166666.66666666,83566666.66666667,0.8735056363557904
25,2022-02-13,Empoli,Cagliari,D,-0.402381065571203,0,0,1,-2.0,-0.5,-10,-21,0.3546033770117012,0.3294355414994671,0.31596108148883173,A,54406666.666666664,61425000.0,-0.12133022303425577
25,2022-02-13,Hellas Verona,Udinese,H,0.12099551874402976,0,0,2,-1.0,-1.0,3,-6,0.28320925070549163,0.3256841288960215,0.39110662039848687,H,74777777.77777778,57715555.55555555,0.2589940214444965
25,2022-02-14,Spezia,Fiorentina,A,-1.199964782928397,0,1,0,0.5,-0.5,-18,8,0.7456443126053458,0.17468105053719007,0.07967463685746412,A,31017777.77777778,120488888.88888888,-1.3569970234755593
25,2022-02-13,Genoa,Salernitana,D,0.663103956072153,0,0,1,-2.0,-2.0,-25,-36,0.1611271587071771,0.2696688058722308,0.5692040354205921,H,36912222.222222224,20328888.888888888,0.5964997493595854
25,2022-02-12,Torino,Venezia,A,0.850918435028608,0,0,0,-0.5,-2.0,7,-22,0.17755198919701792,0.2820957349362932,0.540352275866689,H,82566666.66666667,50220000.0,0.49719269409776534
25,2022-02-13,Sassuolo,Roma,D,-0.6418794848617432,1,1,1,-2.0,0.5,-3,10,0.3715742449267231,0.32810936690968906,0.30031638816358786,A,114250000.0,194055555.55555555,-0.5297554571363532
25,2022-02-13,Atalanta,Juventus,D,-0.39939248218593004,1,1,1,-0.5,2.0,17,15,0.29943505279258864,0.3280099527024144,0.37255499450499696,H,199755555.55555555,345266666.6666667,-0.5472226685186019
25,2022-02-12,Napoli,Internazionale,D,-0.08531312182677145,0,1,1,2.0,1.0,29,35,0.3986787970051636,0.3245006130996717,0.27682058989516467,A,325038888.8888889,373672222.2222222,-0.13943416868026226
26,2022-02-20,Internazionale,Sassuolo,A,0.9856207708976608,1,0,0,0.5,-2.0,35,-3,0.18728133082869966,0.2886093349259393,0.524109334245361,H,340866666.6666667,130981111.11111112,0.9564382711645321
26,2022-02-19,Roma,Hellas Verona,D,1.2096632678575814,0,0,1,0.0,0.0,10,7,0.08471198078885878,0.18251827607546056,0.7327697431356807,H,186742222.2222222,78222222.22222222,0.8701753962500219
26,2022-02-21,Cagliari,Napoli,D,-1.3625593015123068,0,1,1,-1.0,1.5,-21,29,0.6067581123920556,0.25199428044639194,0.1412476071615525,A,56554444.44444445,221455555.55555555,-1.365018124576584
26,2022-02-20,Fiorentina,Atalanta,H,-0.4914480352158237,0,0,2,0.5,-1.0,9,17,0.5632625477225092,0.27231368390788524,0.1644237683696056,A,129766666.66666667,216188888.8888889,-0.5104145451928106
26,2022-02-18,Juventus,Torino,D,1.012978979421876,0,0,1,1.5,-1.5,15,6,0.20063129428300083,0.2965956008668966,0.5027731048501025,H,328655555.5555556,106411111.1111111,1.127700259545616
26,2022-02-20,Venezia,Genoa,D,-0.20857823848335516,0,0,1,-1.0,-2.0,-21,-25,0.4393426868152476,0.3160217539088527,0.24463555927589975,A,44017777.777777776,30136666.666666668,0.3788510006387918
26,2022-02-21,Bologna,Spezia,H,0.7125996064867606,0,0,2,-2.0,-0.5,-11,-19,0.11062901706998726,0.2182915692504732,0.6710794136795395,H,83438888.8888889,27575555.555555556,1.1071847823051164
26,2022-02-19,Sampdoria,Empoli,H,0.1763375605572034,0,0,2,-2.0,-2.0,-9,-10,0.2686749102735196,0.3227611017564754,0.4085639879700051,H,34572222.222222224,52927777.777777776,-0.4258777671375615
26,2022-02-20,Udinese,Lazio,D,-0.9517794011361169,0,1,1,-2.0,2.0,-10,13,0.3819876217425749,0.32693156814835017,0.291080810109075,A,65335555.55555555,156967777.7777778,-0.8765041636106775
26,2022-02-19,Salernitana,Milan,D,-2.1245949492471015,0,0,1,-2.0,2.0,-36,24,0.746758620244052,0.17399711879198587,0.07924426096396209,A,17712222.222222224,305766666.6666667,-2.8485673615381644
27,2022-02-27,Hellas Verona,Venezia,H,0.2827456226561459,0,0,2,-0.5,-1.5,7,-21,0.28927704012339395,0.32666586304027523,0.3840570968363308,H,74705555.55555555,53911111.11111111,0.3262178611999838
27,2022-02-25,Genoa,Internazionale,D,-1.6275719380662896,0,0,1,-2.0,-0.5,-25,33,0.7375808486331709,0.17960366324822807,0.08281548811860107,A,20261111.111111112,293011111.1111111,-2.6715071902605065
27,2022-02-27,Spezia,Roma,A,-1.7193167763933943,0,0,0,-1.5,-0.5,-20,10,0.7821121262901078,0.1518543762776764,0.06603349743221576,A,33163333.333333332,219862222.2222222,-1.8915562396085888
27,2022-02-28,Atalanta,Sampdoria,H,1.302270684067987,1,0,2,-2.0,-1.0,16,-7,0.06025077041027518,0.1414276890370807,0.7983215405526441,H,190777777.7777778,36338888.88888889,1.658220796490254
27,2022-02-25,Milan,Udinese,D,1.5083191277461876,0,0,1,1.5,-2.0,24,-10,0.12792359721899668,0.2383624837853883,0.633713918995615,H,324188888.8888889,63345555.55555555,1.6327215889874542
27,2022-02-26,Empoli,Juventus,A,-1.8780007268111205,0,1,0,-2.0,1.0,-12,15,0.7307732702553585,0.18372275513803293,0.08550397460660852,A,48290000.0,302855555.5555556,-1.836031477621413
27,2022-02-26,Sassuolo,Fiorentina,H,-0.12252749139674615,0,0,2,-1.0,1.5,-1,10,0.22822434585387497,0.3099253915789443,0.46185026256718076,H,142094444.44444445,116577777.77777778,0.19793326758407395
27,2022-02-26,Salernitana,Bologna,D,-0.9402174381958914,0,0,1,-2.0,-1.0,-36,-10,0.5598430949774367,0.2738161327231333,0.16634077229943,A,18918888.888888888,83355555.55555555,-1.4829544252152345
27,2022-02-27,Lazio,Napoli,A,-0.6373075496746402,1,1,0,1.5,1.0,13,29,0.5503495676028429,0.2779102444458216,0.1717401879513355,A,198966666.6666667,331483333.3333333,-0.5104402253346512
27,2022-02-27,Torino,Cagliari,A,0.46264068181804163,0,0,0,-2.0,-1.5,6,-21,0.1815868038281649,0.28487049082920146,0.5335427053426336,H,96988888.8888889,66138888.88888889,0.382839516374332
